SET FOREIGN_KEY_CHECKS = 0;
TRUNCATE TABLE trend_images;
TRUNCATE TABLE trends;
TRUNCATE TABLE verticals;
SET FOREIGN_KEY_CHECKS = 1;

INSERT INTO verticals (id, vertical_id, name, geo_zone) VALUES (1, 'sneakers:female:shapes', 'Shapes', 'us');
INSERT INTO trends (id, trend_id, vertical_id, name, description, image_hash) VALUES (1, 'b01441d690b4b5e4000f2fa90ba84268', 1, 'Court Sneakers', '<ul><li><span style="color: rgb(89, 89, 89); background-color: transparent;">Inspired by retro tennis sneakers</span></li><li><span style="color: rgb(89, 89, 89); background-color: transparent;">Usually constructed with lace-up closures, though velcro can also be found.</span></li><li><span style="color: rgb(89, 89, 89); background-color: transparent;">Two facing quarters form the upper, starting at the sole, while the tongue extends seamlessly into the toe box.</span></li><li>Mostly low-top, but can be high-top</li><li><span style="color: rgb(89, 89, 89); background-color: transparent;">Usually designed with a flat, low-profile sole made of rubber.</span></li><li><span style="color: rgb(89, 89, 89); background-color: transparent;">The upper is generally made from leather or suede, with a clean silhouette.</span></li></ul><p><br></p><p><span style="color: rgb(89, 89, 89); background-color: transparent;">Not to confuse with:</span></p><ul><li><strong style="color: rgb(89, 89, 89); background-color: transparent;">Canvas Trainers:</strong><span style="color: rgb(89, 89, 89); background-color: transparent;"> Similar in shape, but in canvas with a rubber toe-cap.</span></li><li><strong style="color: rgb(89, 89, 89); background-color: transparent;">Plimsolls: </strong><span style="color: rgb(89, 89, 89); background-color: transparent;">A</span>lways have<strong> </strong>a vamp insert until the throat line. Mostly in canvas or jersey upper.</li><li><strong style="color: rgb(89, 89, 89); background-color: transparent;">Retro Football Sneakers:</strong><span style="color: rgb(89, 89, 89); background-color: transparent;"> Wider shape, without </span><span style="color: rgb(89, 89, 89);">two facing quarters, </span><span style="color: rgb(89, 89, 89); background-color: transparent;">generally have a suede toe-cap.</span></li><li><strong style="color: rgb(89, 89, 89); background-color: transparent;">Retro Basketball Sneakers:</strong><span style="color: rgb(89, 89, 89); background-color: transparent;"> Chunkier design. </span>The toe part has a perforated overlay piece of leather covering the frontal and side parts of the toe box.</li></ul>', '30ed613f2621303bd1ef1487a97a1450');
INSERT INTO trend_images (trend_id, image_type, md5_hash, description) VALUES (1, 'positive', 'a7ac59491fbb62fde025736af1649fb7', 'Two laced side parts, tongue goes seamlessly to the round-shaped toes ');
INSERT INTO trend_images (trend_id, image_type, md5_hash, description) VALUES (1, 'positive', '935b95b3ac055cc33812c720a39f7bd9', 'Minimal design, flat rubber sole');
INSERT INTO trend_images (trend_id, image_type, md5_hash, description) VALUES (1, 'positive', 'aeda71afa58e621186436533a792137b', 'Must have a leather upper');
INSERT INTO trend_images (trend_id, image_type, md5_hash, description) VALUES (1, 'positive', 'a2e3a4eb298a8728f9082d67ec462f8d', 'Can be high-top, always in leather');
INSERT INTO trend_images (trend_id, image_type, md5_hash, description) VALUES (1, 'negative', 'd798882afdf1f724cb3d5378f41d3567', 'Canvas Trainers');
INSERT INTO trend_images (trend_id, image_type, md5_hash, description) VALUES (1, 'negative', '901ab5d727cf4c8ae716bad7e4b60575', 'Plimsolls');
INSERT INTO trend_images (trend_id, image_type, md5_hash, description) VALUES (1, 'negative', '8062566bc8eed228bf1a1f8bbf4f479e', 'Retro Football Sneakers');
INSERT INTO trend_images (trend_id, image_type, md5_hash, description) VALUES (1, 'negative', '4fd3c052e007d3efeec2d91215afd282', 'Retro Basketball Sneakers');
INSERT INTO trends (id, trend_id, vertical_id, name, description, image_hash) VALUES (2, '71e83ca83dd815fb28599128e3923a04', 1, 'Performance Running Sneakers', '<ul><li>Technical and profiled sneakers, usually made from lightweight, breathable mesh or engineered knit</li><li>Slight to pronounced cushioning system, with slightly elevated heel-to-toe drop</li><li>The sole may show a gap between the toes and heel</li></ul><p><br></p><p>Not to be confused with:</p><ul><li><strong>Lifestyle Running Sneakers:</strong> Chunkier midsoles for style rather than propulsion. Leather, suede, or fashion-driven uppers (less breathable, less flexible).</li><li><strong>Retro Running Sneakers:</strong> Inspired by vintage performance models, not showing advanced technology, built for casual wear. Uppers in less performance-oriented materials.</li><li><strong>Retro Trainers:</strong> Heavier design and soles, also known as "Dad Sneakers", often showing a visible separation between heel and forefoot. Complex uppers with elaborated material mixes.</li><li><strong>Trail Sneakers:</strong> More robust design, with bulkier outsoles with visible lugs. Often paired with a hiking lacing system.</li></ul>', '286d7e88e45d439883e45b3cbac97102');
INSERT INTO trend_images (trend_id, image_type, md5_hash, description) VALUES (2, 'positive', 'c8a3675bc2c914d314c187b0d9d2a06b', 'Breathable technical knit and/or mesh uppers');
INSERT INTO trend_images (trend_id, image_type, md5_hash, description) VALUES (2, 'positive', '7c11c3f0522517159620e441aabefa1f', 'Gap between the toes and the heel');
INSERT INTO trend_images (trend_id, image_type, md5_hash, description) VALUES (2, 'positive', '1c5011c7b098e6c3d54376778352b0bd', 'Elevated heel-to-toe drop');
INSERT INTO trend_images (trend_id, image_type, md5_hash, description) VALUES (2, 'positive', 'ee07ee8fc8f83d4a9f73d9a053b66f96', 'Thick but light foam soles');
INSERT INTO trend_images (trend_id, image_type, md5_hash, description) VALUES (2, 'negative', 'ff0ae492dcc57750af1a946ec0836dc8', 'Lifestyle Running Sneakers');
INSERT INTO trend_images (trend_id, image_type, md5_hash, description) VALUES (2, 'negative', '22233fbdacb21e7ca0c6ffd94ab835f9', 'Retro Running Sneakers');
INSERT INTO trend_images (trend_id, image_type, md5_hash, description) VALUES (2, 'negative', '33909ab7dbe1833aad7ad81ae1e1977c', 'Retro Trainers');
INSERT INTO trend_images (trend_id, image_type, md5_hash, description) VALUES (2, 'negative', '04f1aedc80ffe90d406f5f712fe1ca73', 'Trail Sneakers');
INSERT INTO trends (id, trend_id, vertical_id, name, description, image_hash) VALUES (3, 'c5fbe83521262d32a09cfb88ac49e3aa', 1, 'Retro Running Sneakers', '<ul><li>Inspired by 1970s running shoes</li><li>They have an almond-shaped toecap</li><li>Layered uppers are made from leather, suede, or mixed materials</li><li>There is a distinct overlays on the toe box and heel counter</li><li>They have a low-profile sole sloping from thin heel to ultra-thin toe</li><li>Lace-up closure</li></ul><p><br></p><p>Not to be confused with:</p><ul><li><strong>Lifestyle Running Sneakers:</strong> Chunkier midsoles, more technical uppers</li><li><strong>Retro Football Sneakers:</strong> Flat sole, no slope at the front</li><li><strong>Retro Trainers:</strong> Heavier build, thick soles, complex mixed-material uppers</li><li><strong>Retro Basketball Sneakers:</strong> Flat soles, flat toe cap, leather uppers with perforations</li></ul>', 'fd6c941c4752bdf41417555c6c1fb6b0');
INSERT INTO trend_images (trend_id, image_type, md5_hash, description) VALUES (3, 'positive', 'd90a569fd8af61bc8dd8809b77964347', 'Low-profile sole, which often slopes subtly from a thin heel to an even thinner toe.');
INSERT INTO trend_images (trend_id, image_type, md5_hash, description) VALUES (3, 'positive', '7dcf3b30560bb1a3a3a527775fd6a901', 'Lace-up closure.');
INSERT INTO trend_images (trend_id, image_type, md5_hash, description) VALUES (3, 'positive', '2c5284040e18eae90bd7d7f469010154', 'They feature an almond-shaped toecap.');
INSERT INTO trend_images (trend_id, image_type, md5_hash, description) VALUES (3, 'positive', '21fa39edc533602ae1b9afaebcf3bd5b', 'Made from leather, suede, or a mix of materials, with distinct overlays on the toe box and heel counter.');
INSERT INTO trend_images (trend_id, image_type, md5_hash, description) VALUES (3, 'negative', '0c3efd0ef372f55aad5b96a55627bd2b', 'Retro Trainers');
INSERT INTO trend_images (trend_id, image_type, md5_hash, description) VALUES (3, 'negative', '7b948c5bb058161510c0801cd1ae7e46', 'Retro Football Sneakers');
INSERT INTO trend_images (trend_id, image_type, md5_hash, description) VALUES (3, 'negative', '7ef02a3f2b0de196e388d98d8eb37c7c', 'Retro Basketball Sneakers');
INSERT INTO trend_images (trend_id, image_type, md5_hash, description) VALUES (3, 'negative', '87232609a6e3ea7878314ff39a67d6ea', 'Lifestyle Running Sneakers');
INSERT INTO trends (id, trend_id, vertical_id, name, description, image_hash) VALUES (4, 'ccd8a497f38e44c54e9c57ffea034843', 1, 'Lifestyle Running Sneakers', '<ul><li>Streamlined design, but with more emphasis on aesthetics and casual comfort (all-day wear) than performance efficiency</li><li>Heavier and less breathable than performance uppers. May include overlays, logos, or decorative stitching</li><li>Midsoles are often very creative, chunkier, and designed as a style element (e.g., visible air units)</li></ul><p><br></p><p>Not to confuse with:</p><ul><li><strong>Performance Running Sneakers:</strong>&nbsp;Much lighter and minimalistic. Breathable mesh uppers and visible performance tech. Thick foam outsole with more traction and flex grooves.</li><li><strong>Retro Running Sneakers:</strong>&nbsp;Inspired by vintage performance models, not showing advanced technology, built for casual wear. Uppers in less performance-oriented materials.</li><li><strong>Retro Trainers:</strong>&nbsp;Heavier design and soles. Also known as "Dad Sneakers." Retro-tech inspiration. Often shows a visible separation between the heel and forefoot. Complex uppers with elaborated material mixes.</li><li><strong>Trail Sneakers:</strong>&nbsp;Outdoor running designs, with bulky outsoles showing visible lugs. Often paired with a hiking lacing system.</li></ul>', '0ee975d3e5eab4403f49425c4d80bc5e');
INSERT INTO trend_images (trend_id, image_type, md5_hash, description) VALUES (4, 'positive', 'ff0ae492dcc57750af1a946ec0836dc8', 'Creative midsoles with air inserts');
INSERT INTO trend_images (trend_id, image_type, md5_hash, description) VALUES (4, 'positive', 'df5d4d78c66329ad8e8dccfa1be3b23e', 'Urban styles and details');
INSERT INTO trend_images (trend_id, image_type, md5_hash, description) VALUES (4, 'positive', '486a4b4380fd174dfa53e914d9cf0864', 'City wear design rather than performance-oriented');
INSERT INTO trend_images (trend_id, image_type, md5_hash, description) VALUES (4, 'positive', 'ba84bc61757363094e7fea9979dec4cf', 'Inspired by running, but worn with casual looks');
INSERT INTO trend_images (trend_id, image_type, md5_hash, description) VALUES (4, 'negative', '1c5011c7b098e6c3d54376778352b0bd', 'Performance Running Sneakers');
INSERT INTO trend_images (trend_id, image_type, md5_hash, description) VALUES (4, 'negative', '22233fbdacb21e7ca0c6ffd94ab835f9', 'Retro Running Sneakers');
INSERT INTO trend_images (trend_id, image_type, md5_hash, description) VALUES (4, 'negative', '33909ab7dbe1833aad7ad81ae1e1977c', 'Retro Trainers');
INSERT INTO trend_images (trend_id, image_type, md5_hash, description) VALUES (4, 'negative', '04f1aedc80ffe90d406f5f712fe1ca73', 'Trail Sneakers');
INSERT INTO trends (id, trend_id, vertical_id, name, description, image_hash) VALUES (5, '787a070c951528efc2c21df59c5144d4', 1, 'Performance Football Sneakers', '<ul><li>Made to play professional Football</li><li>They have a slim, profiled shape</li><li>The uppers in knit or leather, with textured effects and padded topstitching</li><li>Large visible crampons or lug soles, in varied designs</li><li>Lace-up closure, sometimes with integrated ankle-sock knit</li><li>Bold logos, graphic lines, and color-blocking</li></ul><p><br></p><p>Not to be confused with:</p><ul><li><strong>Boxing Sneakers:</strong> Higher, rigid ankle not suited for flexibility</li><li><strong>Retro Football Sneakers:</strong> Suede uppers with no visible crampons</li></ul>', 'ebb214eb6c2858482481d66cd4dc258f');
INSERT INTO trend_images (trend_id, image_type, md5_hash, description) VALUES (5, 'positive', 'dd4e8bdb5158db4ad62619961d1b14e7', 'Bright and colorful designs with visible cleats (crampons).');
INSERT INTO trend_images (trend_id, image_type, md5_hash, description) VALUES (5, 'positive', '6e37dcf3e17e8803291c7209c305ea3e', 'Performance material with ankle socks.');
INSERT INTO trend_images (trend_id, image_type, md5_hash, description) VALUES (5, 'positive', '80a6f3ddec6c3caa6184bd07a8c52b46', 'Tight fit');
INSERT INTO trend_images (trend_id, image_type, md5_hash, description) VALUES (5, 'positive', 'fc78cf2536f626c97054b0a73586ec1a', 'Thin profile');
INSERT INTO trend_images (trend_id, image_type, md5_hash, description) VALUES (5, 'negative', 'fcb3bf79c89742547e093e979a293a87', 'Boxing Sneakers');
INSERT INTO trend_images (trend_id, image_type, md5_hash, description) VALUES (5, 'negative', 'e526730024d4eaca386ad5233cbaaaca', 'Retro Football Sneakers');
INSERT INTO trend_images (trend_id, image_type, md5_hash, description) VALUES (5, 'negative', '7aecf905c83d3baa1f161b7ee882e260', 'Retro Football Sneakers');
INSERT INTO trend_images (trend_id, image_type, md5_hash, description) VALUES (5, 'negative', '61373517f779c0811c2a9e17cf18dfb7', 'Retro Football Sneakers');
INSERT INTO trends (id, trend_id, vertical_id, name, description, image_hash) VALUES (6, '5c83da85587955f3ee36cbf0156fe68a', 1, 'Retro Football Sneakers', '<ul><li>They are made from leather and suede only, no technical materials</li><li>They have a topstitched upper for a lightly padded look</li><li>They often feature a contrasting toe cap and sometimes an extra-long tongue</li><li>They have a straight, thin rubber sole, usually in brown, black, or off-white</li></ul><p><br></p><p>Not to be confused with:</p><ul><li><strong>Performance Football Sneakers:</strong> Technical materials, ankle socks, and visible cleats</li><li><strong>Skater Sneakers:</strong> Thicker soles, wide laces</li><li><strong>Plimsolls:</strong> Vamp insert extends up to the throat line</li><li><strong>Slip-On Sneakers:</strong> No visible closure, thicker rubber sole</li></ul>', '5a0b112005d4b5acc1eed4e597ce6cf5');
INSERT INTO trend_images (trend_id, image_type, md5_hash, description) VALUES (6, 'positive', '8062566bc8eed228bf1a1f8bbf4f479e', 'Tone on tone or contrasting suede or leather toe-cap');
INSERT INTO trend_images (trend_id, image_type, md5_hash, description) VALUES (6, 'positive', '32d579eb3728e45448aa2b1ce7dbbda5', 'Extra-long tongue');
INSERT INTO trend_images (trend_id, image_type, md5_hash, description) VALUES (6, 'positive', 'e7bdab7e3a74582ac7db27cfbc8419be', 'Inspired by vintage terrace sneakers');
INSERT INTO trend_images (trend_id, image_type, md5_hash, description) VALUES (6, 'positive', '743ce07d7871594eebf1a3bc3c931709', 'Contrasting rubber soles from the upper colors.');
INSERT INTO trend_images (trend_id, image_type, md5_hash, description) VALUES (6, 'negative', '6e37dcf3e17e8803291c7209c305ea3e', 'Performance Football Sneakers');
INSERT INTO trend_images (trend_id, image_type, md5_hash, description) VALUES (6, 'negative', 'cc737747d24d42f5cd649673eb02989b', 'Skater Sneakers');
INSERT INTO trend_images (trend_id, image_type, md5_hash, description) VALUES (6, 'negative', '901ab5d727cf4c8ae716bad7e4b60575', 'Plimsolls');
INSERT INTO trend_images (trend_id, image_type, md5_hash, description) VALUES (6, 'negative', '4cba66e9b09e655a5902d074ebf10fc3', 'Slip-On Sneakers');
INSERT INTO trends (id, trend_id, vertical_id, name, description, image_hash) VALUES (7, '6a48461da44869966cc30a0d4bacd3ac', 1, 'Performance Basketball Sneakers', '<ul><li>They feature leather or technical uppers such as mesh or nylon, designed for breathability, support, and durability while playing basketball</li><li>They come in high or low top styles; high tops typically have tongues that rise higher than the back collar</li><li>They often feature a top line with a deep curve, especially on high-cut designs for better ankle mobility</li><li>They are designed with lace-up closures, often reinforced for a secure fit during gameplay</li><li>They feature layered, textured, or bubble-like soles engineered to provide traction, cushioning, and stability on indoor courts</li></ul><p><br></p><p>Not to be confused with:</p><ul><li><strong>Performance Running Shoes</strong>: Inclined soles with minimal ankle support</li><li><strong>Canvas Sneakers</strong>: Canvas uppers paired with flat rubber soles</li><li><strong>Retro Basketball Sneakers</strong>: Leather uppers with design references to court shoes, but lacking modern performance features</li><li><strong>Performance Football Sneakers</strong>: Visible cleats and sock-like collar details designed for turf or grass surfaces</li></ul>', '5f68769934c2df3278b0d7dc6c7e73ab');
INSERT INTO trend_images (trend_id, image_type, md5_hash, description) VALUES (7, 'positive', 'bc74b0b3bb7b22af385794d7fdb55b04', 'Deep curve on the top line.');
INSERT INTO trend_images (trend_id, image_type, md5_hash, description) VALUES (7, 'positive', '84338dba8b67667532759f94b858541d', 'Textured soles with performance materials on the upper.');
INSERT INTO trend_images (trend_id, image_type, md5_hash, description) VALUES (7, 'positive', '62442aed9d00091ad0504658666ff0b0', 'High top basketball sneakers with higher tongue compared to the back height.');
INSERT INTO trend_images (trend_id, image_type, md5_hash, description) VALUES (7, 'positive', 'd9641b38bed888ed762ab3f41ad185ce', 'High tops with sleek design to offer ankle support during playing.');
INSERT INTO trend_images (trend_id, image_type, md5_hash, description) VALUES (7, 'negative', '0ccebff4baa16ff3852508cfde020cca', 'Retro Basketball Sneakers');
INSERT INTO trend_images (trend_id, image_type, md5_hash, description) VALUES (7, 'negative', '6e37dcf3e17e8803291c7209c305ea3e', 'Performance Football Sneakers');
INSERT INTO trend_images (trend_id, image_type, md5_hash, description) VALUES (7, 'negative', '4dea60f3f794358728052a2e3772f799', 'Performance Running Shoes');
INSERT INTO trend_images (trend_id, image_type, md5_hash, description) VALUES (7, 'negative', '0d7687b267910d2d666ea6d49a75fb1b', 'Canvas Sneakers');
INSERT INTO trends (id, trend_id, vertical_id, name, description, image_hash) VALUES (8, 'c215714124d4d21b7046a491961563ee', 1, 'Retro Basketball Sneakers', '<ul><li>Features uppers in leather or rubber, often with perforations on the toe box</li><li>Designed with a lace-up closure, sometimes including extra eyelets at the collar (on high tops)</li><li>Available in high or low top styles; high tops typically have a higher front collar than back</li><li>They have a leather overlay on the toe, wrapping around the front and sides of the toe box</li></ul><p><br></p><p>Not to be confused with:</p><ul><li><strong>Performance Basketball Sneakers</strong>: Deep sole curves, more technical construction</li><li><strong>Retro Football Sneakers:</strong> Suede uppers with flat, contrasting soles</li><li><strong>Canvas Sneakers:</strong> Canvas uppers with rubber soles</li><li><strong>Boxing Sneakers:</strong> Higher overall cut with tighter ankle fit</li></ul>', 'c4f848d890d8aa9f01108ca35dd0795b');
INSERT INTO trend_images (trend_id, image_type, md5_hash, description) VALUES (8, 'positive', '1e738068a5c91447cb320648dd317c14', 'Perforation details on the upper part of the shoes.');
INSERT INTO trend_images (trend_id, image_type, md5_hash, description) VALUES (8, 'positive', '16786d3abdf82126e2cc2a25f50296ce', 'High top sneakers with the front part being higher than the back.');
INSERT INTO trend_images (trend_id, image_type, md5_hash, description) VALUES (8, 'positive', '05db7c71c8d7e1e30f16e87019f5bd36', 'There is a separate piece with two eyelets for closure.');
INSERT INTO trend_images (trend_id, image_type, md5_hash, description) VALUES (8, 'positive', '0ccebff4baa16ff3852508cfde020cca', 'Leather, non-performance, upper materials with reference to performance basketball shoes, therefore these are Retro Basketball Sneakers.');
INSERT INTO trend_images (trend_id, image_type, md5_hash, description) VALUES (8, 'negative', '84338dba8b67667532759f94b858541d', 'Performance Basketball Sneakers');
INSERT INTO trend_images (trend_id, image_type, md5_hash, description) VALUES (8, 'negative', '32d579eb3728e45448aa2b1ce7dbbda5', 'Retro Football Sneakers');
INSERT INTO trend_images (trend_id, image_type, md5_hash, description) VALUES (8, 'negative', '0d7687b267910d2d666ea6d49a75fb1b', 'Canvas Sneakers');
INSERT INTO trend_images (trend_id, image_type, md5_hash, description) VALUES (8, 'negative', 'fcb3bf79c89742547e093e979a293a87', 'Boxing Sneakers');
INSERT INTO trends (id, trend_id, vertical_id, name, description, image_hash) VALUES (9, 'bcdc6f40832f9424d5abc0bb4d71afec', 1, 'Retro Trainers', '<ul><li>Chunky, sculpted sole with carved lines and often a bridge between heel and forefoot</li><li>Layered uppers made from mesh, leather, suede, rubber, and plastic</li><li>Feature cut-outs, inserts, and graphic overlays in tone-on-tone or contrasting finishes</li><li>Design emphasizes a structured, rigid build with a retro yet technical look</li></ul><p><br></p><p>Not to be confused with:</p><ul><li><strong>Lifestyle Running Sneakers:</strong> Leather/suede uppers, less breathable</li><li><strong>Retro Running Sneakers:</strong> Simpler silhouette, casual use, non-technical materials</li><li><strong>Trail Sneakers: </strong>Bulkier outsoles with lugs, often with hiking-style lacing</li><li><strong>Performance Running Sneakers: </strong>Lightweight, breathable mesh, visible tech, flexible foam soles</li></ul>', '84dd9efcaedd344174f01e0128bf2255');
INSERT INTO trend_images (trend_id, image_type, md5_hash, description) VALUES (9, 'positive', '84325b14f4e95250a2f67a036e5ab72d', 'They feature a the thick, sculpted sole with sinuous, carved lines and often a bridge element connecting the heel and forefoot.');
INSERT INTO trend_images (trend_id, image_type, md5_hash, description) VALUES (9, 'positive', 'b26c1c6e5d9f91a316363e880314b45f', 'The upper is made from a mix of materials, including mesh, leather or suede, plastic, and rubber.');
INSERT INTO trend_images (trend_id, image_type, md5_hash, description) VALUES (9, 'positive', 'ac7f6f80f65551254823d0b3def2daee', 'They have complex inserts, cut-outs, and multilayered panels.');
INSERT INTO trend_images (trend_id, image_type, md5_hash, description) VALUES (9, 'positive', '0c3efd0ef372f55aad5b96a55627bd2b', '"Dad sneakers," inspired by the \'80s and \'90s aesthetic.');
INSERT INTO trend_images (trend_id, image_type, md5_hash, description) VALUES (9, 'negative', 'c00570ddc7f7261cc9ef9a7162b3a0ef', 'Trail Sneakers');
INSERT INTO trend_images (trend_id, image_type, md5_hash, description) VALUES (9, 'negative', '6f434c273e8d3deadf5a38f198b89d97', 'Retro Running Sneakers');
INSERT INTO trend_images (trend_id, image_type, md5_hash, description) VALUES (9, 'negative', '87232609a6e3ea7878314ff39a67d6ea', 'Lifestyle Running Sneakers');
INSERT INTO trend_images (trend_id, image_type, md5_hash, description) VALUES (9, 'negative', '08bfe8ff6e1f0bac5cf25b56495f8d4d', 'Performance Running Sneakers');
INSERT INTO trends (id, trend_id, vertical_id, name, description, image_hash) VALUES (10, '375fcbaf17cddfb6621f85d6867afc52', 1, 'Plimsoll Sneakers', '<ul><li>They feature a low-cut profile that sits below the ankle, with a slim, lightweight upper made from canvas or similar textile materials</li><li>They are commonly designed with a simple eyelet-and-lace closure, offering secure fastening without additional structure or padding</li><li>They feature a thin, flat vulcanized rubber sole that offers basic grip and durability, with a distinct separation between the upper and sole</li><li>They always feature a vamp insert that extends all the way to the throat line, giving them their classic, minimal silhouette</li></ul><p><br></p><p>Not to be confused with:</p><ul><li><strong>Skater Shoes</strong>: Heavier and more cushioned, often with reinforced toe caps, padded collars, and thicker rubber outsoles</li><li><strong>Court Sneakers</strong>: Similar shape, but made out of leather or suede. Lacks the continuous vamp insert that reaches the throat line.</li><li><strong>Canvas Sneakers</strong>: Similar in material but lack the continuous vamp insert that reaches the throat line</li><li><strong>Retro Football Sneakers</strong>: Typically have suede uppers and flat, contrasting rubber soles, designed with sport styling</li></ul>', '17735d8a3a29225a0698eba2fdd3fffb');
INSERT INTO trend_images (trend_id, image_type, md5_hash, description) VALUES (10, 'positive', '4f000a76ee8aa0ac3d01ff5978cf4b7a', 'They feature a flat rubber sole');
INSERT INTO trend_images (trend_id, image_type, md5_hash, description) VALUES (10, 'positive', '4bccc2ed89fcce9f398a373534744104', 'Made from canvas or similar textile materials');
INSERT INTO trend_images (trend_id, image_type, md5_hash, description) VALUES (10, 'positive', '04142104792167710f182d4637b22a9c', 'Simple eyelet-and-lace closure');
INSERT INTO trend_images (trend_id, image_type, md5_hash, description) VALUES (10, 'positive', 'af26b84e6ce3b663b86a1364c994fa4a', 'They always feature a vamp insert that extends all the way to the throat line');
INSERT INTO trend_images (trend_id, image_type, md5_hash, description) VALUES (10, 'negative', 'eaf2ab26063a525b8966597262f89337', 'Court Sneakers');
INSERT INTO trend_images (trend_id, image_type, md5_hash, description) VALUES (10, 'negative', 'ae20153f7688365eb5d662102943f0df', 'Skater Shoes');
INSERT INTO trend_images (trend_id, image_type, md5_hash, description) VALUES (10, 'negative', '4447d5b505c6a9b7f5753c30bb9fd634', 'Canvas Sneakers');
INSERT INTO trend_images (trend_id, image_type, md5_hash, description) VALUES (10, 'negative', '14e23a11d814c88fce7209861d97291b', 'Retro Football Sneakers');
INSERT INTO trends (id, trend_id, vertical_id, name, description, image_hash) VALUES (11, 'd58953f72c82028197b1c4277051916f', 1, 'Skater Sneakers', '<ul><li>They feature flat, straight soles designed to maximize contact with the skateboard deck for grip and control</li><li>They feature slim uppers made from durable materials like canvas or suede, offering flexibility and board feel</li><li>They are designed with lace-up closures, usually with wide laces and padded tongues for comfort and easy adjustment</li><li>They feature low-cut padded collars to protect the ankle area during impact or tricks</li><li>They are built for skateboarding but commonly worn casually due to their simple, functional design</li></ul><p><br></p><p>Not to be confused with:</p><ul><li><strong>Retro Basketball Sneakers</strong>: Heavier leather builds with thicker soles</li><li><strong>Slip-On Sneakers</strong>: No laces, minimal support, and not suited for skateboarding</li><li><strong>Retro Football Sneakers</strong>: Suede uppers with slim soles</li><li><strong>Court Sneakers</strong>: Fully made out of leather with no padded tongues</li></ul>', 'e188c2550703df3f8cc3786165be6faf');
INSERT INTO trend_images (trend_id, image_type, md5_hash, description) VALUES (11, 'positive', 'aea4bbe6b34ff9769aad11cf98e03ca9', 'They typically feature a straight, flat sole to provide optimal contact with the skateboard deck.');
INSERT INTO trend_images (trend_id, image_type, md5_hash, description) VALUES (11, 'positive', '1935f4051ba5399dc6a9edc59deb6048', 'Lace-up closures are generally loose, with wide or oversized laces, often threaded through chunky, padded tongues.');
INSERT INTO trend_images (trend_id, image_type, md5_hash, description) VALUES (11, 'positive', '70ae9d60c6eba6ce153b1290918cbb61', 'Originally designed for skateboarding.');
INSERT INTO trend_images (trend_id, image_type, md5_hash, description) VALUES (11, 'positive', '7bcb497d007afc14aac58b00edc0b021', 'The uppers are made from flexible, breathable materials like canvas or suede.');
INSERT INTO trend_images (trend_id, image_type, md5_hash, description) VALUES (11, 'negative', '7ef02a3f2b0de196e388d98d8eb37c7c', 'Retro Basketball Sneakers');
INSERT INTO trend_images (trend_id, image_type, md5_hash, description) VALUES (11, 'negative', '7203d738fb29799000cebefef935abb1', 'Slip-On Sneakers');
INSERT INTO trend_images (trend_id, image_type, md5_hash, description) VALUES (11, 'negative', '7b948c5bb058161510c0801cd1ae7e46', 'Retro Football Sneakers');
INSERT INTO trend_images (trend_id, image_type, md5_hash, description) VALUES (11, 'negative', '332cc4a09728f8396a1cd1d9b1855524', 'Court Sneakers');
INSERT INTO trends (id, trend_id, vertical_id, name, description, image_hash) VALUES (12, 'a13d656c744a18c9b4e2962518443201', 1, 'Canvas Trainers', '<ul><li>They feature uppers made from canvas fabric, often with suede or leather reinforcements for added durability and style</li><li>They have a flat rubber soles, though some models have chunky or irregular sole designs</li><li>They feature lace-up closures, but slip-on versions and alternatives like zippers or elastic gores also exist</li><li>They feature two facing quarters that rise from the sole and connect to a canvas tongue, forming the upper structure, including the vamp and toe box</li><li>They were originally designed as performance basketball shoes, now worn casually for their versatility and breathable materials</li></ul><p><br></p><p>Not to be confused with:</p><ul><li><strong>Plimsoll Sneakers</strong>: Feature canvas uppers but always include a vamp insert extending to the throat line and a more minimal, uniform construction</li><li><strong>Court Sneakers</strong>: Similar shape, but made out of leather or suede.</li><li><strong>Skater Sneakers</strong>: Heavier, with padded collars, suede uppers, and flat soles built specifically for skateboarding</li><li><strong>Retro Football Sneakers</strong>: Suede uppers and flat, contrasting soles.</li></ul>', '71aff8119b9bfdfb2a198673f9bbf419');
INSERT INTO trend_images (trend_id, image_type, md5_hash, description) VALUES (12, 'positive', 'f250431b401c4ca8e4cbbe3d908343fe', 'They feature uppers made from canvas fabric');
INSERT INTO trend_images (trend_id, image_type, md5_hash, description) VALUES (12, 'positive', '73a65a9c1c4d3af405d5461a7ee323f9', 'They feature lace-up closures, but slip-on versions and alternatives also exist');
INSERT INTO trend_images (trend_id, image_type, md5_hash, description) VALUES (12, 'positive', '42e345e282815b35b51415f1fa266c4b', 'They feature two facing quarters that rise from the sole and connect to a canvas tongue');
INSERT INTO trend_images (trend_id, image_type, md5_hash, description) VALUES (12, 'positive', 'c50d52d6f23a6f95410c24964d39da0a', 'They have a flat rubber soles, though some models have chunky or irregular sole designs');
INSERT INTO trend_images (trend_id, image_type, md5_hash, description) VALUES (12, 'negative', 'a129690ffc93e82fc742371feee405c1', 'Skater Sneakers');
INSERT INTO trend_images (trend_id, image_type, md5_hash, description) VALUES (12, 'negative', 'e50b0e69aaf1aa260a2f0fbc989aa866', 'Retro Football Sneakers');
INSERT INTO trend_images (trend_id, image_type, md5_hash, description) VALUES (12, 'negative', 'eaf2ab26063a525b8966597262f89337', 'Court Sneakers');
INSERT INTO trend_images (trend_id, image_type, md5_hash, description) VALUES (12, 'negative', '9d413435f0e63707a5fbdb82a77d606d', 'Plimsoll Sneakers');
INSERT INTO trends (id, trend_id, vertical_id, name, description, image_hash) VALUES (13, 'c085e48db7d67cddacf444c65048f2e5', 1, 'Slip-On Sneakers', '<ul><li>They feature no laces or fasteners, instead using elastic side gores or stretch panels for easy on-off and a secure fit</li><li>They are built with flat rubber soles, often vulcanized, offering durability, grip, and lightweight flexibility</li><li>They feature a one-piece vamp that extends across the top of the foot and connects directly to the quarters, with no separate tongue</li><li>They are always low-top and can be made from various materials, including canvas, leather, or synthetics</li></ul><p><br></p><p>Not to be confused with:</p><ul><li><strong>Plimsoll Sneakers</strong>: Feature lace-up closures and a distinct vamp insert reaching the throat line</li><li><strong>Sock Sneakers</strong>: Built from stretch-knit materials with a high-top, sock-like collar and sculpted midsoles.</li><li><strong>Moccasins</strong>: Typically made from soft leather with stitched uppers and little to no sole structure. Also, no stretch side panels.</li><li><strong>Clogs</strong>: Backless or semi-backless shoes, often with rigid uppers and thick, molded soles. Generally wider than a sneaker.</li></ul>', 'a48b0bfa0cf38e8608853fd65649db4f');
INSERT INTO trend_images (trend_id, image_type, md5_hash, description) VALUES (13, 'positive', 'e80dfd9ec3412d280e65fde31779822d', 'They are built with flat rubber soles');
INSERT INTO trend_images (trend_id, image_type, md5_hash, description) VALUES (13, 'positive', 'b6e616d3cf0a9eeaf4dd6674953046f8', 'No laces or fasteners, instead using elastic side gores');
INSERT INTO trend_images (trend_id, image_type, md5_hash, description) VALUES (13, 'positive', '1c2f03eb3c3e54390fb30070138a0b38', 'Made from various materials, including canvas, leather, or synthetics');
INSERT INTO trend_images (trend_id, image_type, md5_hash, description) VALUES (13, 'positive', 'c435bfa631351914e9c769073524ea3c', 'They feature a one-piece vamp that extends across the top of the foot ');
INSERT INTO trend_images (trend_id, image_type, md5_hash, description) VALUES (13, 'negative', '4f000a76ee8aa0ac3d01ff5978cf4b7a', 'Plimsoll Sneakers');
INSERT INTO trend_images (trend_id, image_type, md5_hash, description) VALUES (13, 'negative', 'd4b116124e3c91c88f6b33d362672efe', 'Moccasins');
INSERT INTO trend_images (trend_id, image_type, md5_hash, description) VALUES (13, 'negative', '2b2099620fe6861a8159b29575258f90', 'Clogs');
INSERT INTO trend_images (trend_id, image_type, md5_hash, description) VALUES (13, 'negative', 'd42288c5768bdc46c7d20408085880e6', 'Sock Sneakers');
INSERT INTO trends (id, trend_id, vertical_id, name, description, image_hash) VALUES (14, '6b4b779b443f5e1afdbfa10303ccb0d3', 1, 'Sock Sneakers', '<ul><li>They feature a laceless, pull-on construction that mimics the shape and fit of a high sock, made from stretch-knit materials</li><li>They are built on lightweight rubber soles, often chunky or sculpted, providing cushioning and flexibility</li><li>They feature seamless knit uppers that extend from the sole to the ankle (or higher), offering breathability and a snug, glove-like fit</li><li>They are designed with minimal external panels, relying on knit tension and the sole structure to maintain shape and support</li></ul><p><br></p><p>Not to be confused with:</p><ul><li><strong>Lifestyle Running Sneakers</strong>: May use knit uppers, but include laces, structured overlays, and performance-inspired design cues</li><li><strong>Performance Running Sneakers</strong>: Designed for athletic use with a technical design, reinforced uppers, arch support, and performance soles</li><li><strong>Sock Boots</strong>: Share a sock-like fit but often have heel construction, and boot shape</li><li><strong>Slip-On Sneakers</strong>: Low-cut with elastic gores but without the extended knit collar or sculpted soles</li></ul>', '6b587ad3f4f29db1b5daebb9355b2095');
INSERT INTO trend_images (trend_id, image_type, md5_hash, description) VALUES (14, 'positive', '9fc561f00fd3bafb0b9ef7eaa1685f7d', 'Designed with minimal external panels');
INSERT INTO trend_images (trend_id, image_type, md5_hash, description) VALUES (14, 'positive', '9bad7e6a4c89a32886d14a8bfa769b97', 'Feature a laceless, pull-on construction that mimics the shape and fit of a high sock');
INSERT INTO trend_images (trend_id, image_type, md5_hash, description) VALUES (14, 'positive', '97fe140af1ff69faae4c89ce04fa5b7e', 'Rubber soles, often chunky or sculpted');
INSERT INTO trend_images (trend_id, image_type, md5_hash, description) VALUES (14, 'positive', 'd42288c5768bdc46c7d20408085880e6', 'Seamless knit uppers that extend from the sole to the ankle');
INSERT INTO trend_images (trend_id, image_type, md5_hash, description) VALUES (14, 'negative', 'e80dfd9ec3412d280e65fde31779822d', 'Slip-On Sneakers');
INSERT INTO trend_images (trend_id, image_type, md5_hash, description) VALUES (14, 'negative', 'd32b2e24253e28e96592a1654c3a0c04', 'Lifestyle Running Sneakers');
INSERT INTO trend_images (trend_id, image_type, md5_hash, description) VALUES (14, 'negative', 'b26ebfc85bad4548436ae314e8dae08c', 'Performance Running Sneakers');
INSERT INTO trend_images (trend_id, image_type, md5_hash, description) VALUES (14, 'negative', 'aa9c5de642d9b199f44dbeb1ead0a9ab', 'Sock Boots');
INSERT INTO verticals (id, vertical_id, name, geo_zone) VALUES (2, 'sneakers:female:closure', 'Closure Types', 'us');
INSERT INTO trends (id, trend_id, vertical_id, name, description, image_hash) VALUES (15, 'a576327db81df540859d1c87bad488c6', 2, 'Velcro Sneakers', '', '1ee47751ad56e1baba23a815b4e60c9d');
INSERT INTO trends (id, trend_id, vertical_id, name, description, image_hash) VALUES (16, '90965cee97a1ff890772c7fe1bb4e302', 2, 'Lace-Up Sneakers', '', '18857e13b88e51a8c8411cd516d65e72');
INSERT INTO trends (id, trend_id, vertical_id, name, description, image_hash) VALUES (17, '9fc3034ac590d0ed51a12675eb011528', 2, 'No Closure Sneakers', '', 'daa27c63fbae34a97fb4642cff6843e2');
INSERT INTO verticals (id, vertical_id, name, geo_zone) VALUES (3, 'sneakers:female:sneakerheight', 'Sneakers Shaft Heights', 'us');
INSERT INTO trends (id, trend_id, vertical_id, name, description, image_hash) VALUES (18, 'bc9a2099f1f364be6d7d2c91acf86141', 3, 'Low-Top Sneakers', '', 'd5673c2477cac86f1352cf8ef11cd721');
INSERT INTO trends (id, trend_id, vertical_id, name, description, image_hash) VALUES (19, '16cd853790c9faca7bf03eaba52649fc', 3, 'High-Top Sneakers', '', 'b0947e377cbd515cfa5deffbc1d150ff');
INSERT INTO verticals (id, vertical_id, name, geo_zone) VALUES (4, 'sneakers:female:soleheight', 'Sole Heights', 'us');
INSERT INTO trends (id, trend_id, vertical_id, name, description, image_hash) VALUES (20, 'fb99ada28bdcb8a828a19ba2293b5607', 4, 'Chunky Sneakers', '', '33c952c486d83191a76bc3f8588f8c13');
INSERT INTO trends (id, trend_id, vertical_id, name, description, image_hash) VALUES (21, '5613be983a7b5dafcbdc06f1ae797265', 4, 'Slim Sole Sneakers', '', 'a7833c28cdb3a3c7f3e4b2e43e339a39');
INSERT INTO verticals (id, vertical_id, name, geo_zone) VALUES (5, 'sneakers:female:soleeffect', 'Sole Effects', 'us');
INSERT INTO trends (id, trend_id, vertical_id, name, description, image_hash) VALUES (22, '4faa1de5cda7f4b37996208b4bde0d8a', 5, 'Layered Sole Sneakers', '', '230c592b4a5a724d288b8692fad27063');
INSERT INTO trends (id, trend_id, vertical_id, name, description, image_hash) VALUES (23, '43844737cf765ad41a3af6b64603e6c8', 5, 'Bubble Sole Sneakers', '', '9f3bc41e1938a0e56d493f0934453802');
INSERT INTO verticals (id, vertical_id, name, geo_zone) VALUES (6, 'sneakers:female:platform', 'Plaforms', 'us');
INSERT INTO trends (id, trend_id, vertical_id, name, description, image_hash) VALUES (24, '4ca0f7b6db7c1f047bc475d3dded31de', 6, 'Flat Sneakers', '', 'f93c167071ca3a03a540c9a851c46e13');
INSERT INTO trends (id, trend_id, vertical_id, name, description, image_hash) VALUES (25, '9e1bb280470e297691fa979bbe8a9410', 6, 'Platform Sneakers', '', '468629a672c779debf0b834286dab1a4');
INSERT INTO verticals (id, vertical_id, name, geo_zone) VALUES (7, 'sandals:female:shapes', 'Shapes', 'us');
INSERT INTO trends (id, trend_id, vertical_id, name, description, image_hash) VALUES (26, '5adf874796e882f5ff1460be13c089db', 7, 'T-Bar Sandals', '', 'f62fa23b1f5e882a919d5b0259c91df1');
INSERT INTO trends (id, trend_id, vertical_id, name, description, image_hash) VALUES (27, '19004944d459746efd40af6297547525', 7, 'Cross Strap Sandals', '', '673add9e1b39ca346f0b1824e29982e5');
INSERT INTO trends (id, trend_id, vertical_id, name, description, image_hash) VALUES (28, 'dcdc77f44d064f3e5679871c206bdb16', 7, 'Hiking Sandals', '', '2242707907e5d90ed89e16ea85e7f3ba');
INSERT INTO trends (id, trend_id, vertical_id, name, description, image_hash) VALUES (29, '148fd7c33ea8500eda80787f65a61f04', 7, 'Gladiator Sandals', '', 'fd35812beb03996bc3a39d04dc619220');
INSERT INTO trends (id, trend_id, vertical_id, name, description, image_hash) VALUES (30, 'eac805c7b737e26a241ce92236b849c5', 7, 'Single Strap Sandals', '', 'fc3fc589663ffe91f5911f8dfdfb70d1');
INSERT INTO trends (id, trend_id, vertical_id, name, description, image_hash) VALUES (31, '66b50b680cf63fa6237c229681b73a5f', 7, 'Criss-Cross Sandals', '', '88143e21d261c32f57f4a29f05160d66');
INSERT INTO trends (id, trend_id, vertical_id, name, description, image_hash) VALUES (32, 'cd80d9d385ac29f86f6a375b94b65396', 7, 'Slides', '', '9b4f0d27cbcef1e2f68a20fd108c9e42');
INSERT INTO trends (id, trend_id, vertical_id, name, description, image_hash) VALUES (33, '079e0e2108783a358e92c8044fa213ac', 7, 'Cut-Out Sandals', '', '6cef2f981f308ea8667c60c9f0278885');
INSERT INTO trends (id, trend_id, vertical_id, name, description, image_hash) VALUES (34, '0ecc4497f0e32a72464139f65f34a251', 7, 'Fisherman Sandals', '', 'ef263fa7320363543739304af9becc96');
INSERT INTO trends (id, trend_id, vertical_id, name, description, image_hash) VALUES (35, 'c38bd8a8952ca85ab31059380b8ce2f3', 7, 'Thong Sandals', '', '71a35377b843c6e3049887620f835cb2');
INSERT INTO trends (id, trend_id, vertical_id, name, description, image_hash) VALUES (36, 'fb5c8e01e7ccd53dd27d5ec6d63fff33', 7, 'Multi-Strap Sandals', '', '35699095155451ec4d4da618bbd064aa');
INSERT INTO trends (id, trend_id, vertical_id, name, description, image_hash) VALUES (37, 'ce64beb7e89bbea839276fc95841132e', 7, 'Ghillie Sandals', '', '38b7c5a26dfe802d73e54211b87389b6');
INSERT INTO trends (id, trend_id, vertical_id, name, description, image_hash) VALUES (38, 'f1a5699c4493f3fc652afb346f0df420', 7, 'Double Strap Sandals', '', 'fca0facdd0296fdf7eb6a8f8239c70e3');
INSERT INTO verticals (id, vertical_id, name, geo_zone) VALUES (8, 'sandals:female:toeshape', 'Toe Shapes', 'us');
INSERT INTO trends (id, trend_id, vertical_id, name, description, image_hash) VALUES (39, '3500ef66b7c07f562e564c83aa16acc3', 8, 'Almond Toe Sandals', '', 'de2688dd32caaf5f32966a405da2d2d1');
INSERT INTO trends (id, trend_id, vertical_id, name, description, image_hash) VALUES (40, '94d1faa920f46a7cf8a702e1705577fd', 8, 'Round Toe Sandals', '', '4ee39a725ad8c217b2a74bebc084bcba');
INSERT INTO trends (id, trend_id, vertical_id, name, description, image_hash) VALUES (41, 'eebd4159956dfa4258f3c26facbcc6b6', 8, 'Square Toe Sandals', '', 'a5dd83b3db765ca2010282ae2fedc840');
INSERT INTO trends (id, trend_id, vertical_id, name, description, image_hash) VALUES (42, 'b1387afa3913a0bb0ef454153f90a27e', 8, 'Pointy Toe Sandals', '', '8b321955bd966b5b6e249014a8f12f93');
INSERT INTO verticals (id, vertical_id, name, geo_zone) VALUES (9, 'sandals:female:heelheight', 'Heel Heights', 'us');
INSERT INTO trends (id, trend_id, vertical_id, name, description, image_hash) VALUES (43, 'e544090de25b0b545312644d369f827e', 9, 'Flat Sandals', '', '4142701439100dc755329e823f722c5a');
INSERT INTO trends (id, trend_id, vertical_id, name, description, image_hash) VALUES (44, '229a7a4aae5f6451bb8df0db13ae0e0b', 9, 'High Heel Sandals', '', 'b9ebd27b117276d539d1ea737102d5af');
INSERT INTO verticals (id, vertical_id, name, geo_zone) VALUES (10, 'sandals:female:heeltype', 'Heel Types', 'us');
INSERT INTO trends (id, trend_id, vertical_id, name, description, image_hash) VALUES (45, '5e96e393c8fa8ddba526c92132d2e8be', 10, 'Block Heel Sandals', '', 'c7301c4351a9273b57de765cefd7f958');
INSERT INTO trends (id, trend_id, vertical_id, name, description, image_hash) VALUES (46, '3459a63cf1b07bceda7a612f154539a0', 10, 'Stiletto Heel Sandals', '', 'bf26c469a43157eccaa866e6b4099f80');
INSERT INTO trends (id, trend_id, vertical_id, name, description, image_hash) VALUES (47, 'b4a75a8689056ca2865f7bf7357b3633', 10, 'Wedge Sandals', '', 'ad856e565e3eb0d24cb94aed3037fcc0');
INSERT INTO trends (id, trend_id, vertical_id, name, description, image_hash) VALUES (48, '4279d83e30a4e374db166758a9090b81', 10, 'Flat Sandals', '', '4597c24e9f150ab35266fc27fb765a94');
INSERT INTO verticals (id, vertical_id, name, geo_zone) VALUES (11, 'sandals:female:backtype', 'Back Types', 'us');
INSERT INTO trends (id, trend_id, vertical_id, name, description, image_hash) VALUES (49, 'c750b9c15ae87a4e334e570ef7f1b269', 11, 'Mule Sandals', '', '524dc950b5a4ac06d68b0bfbce01d6f2');
INSERT INTO trends (id, trend_id, vertical_id, name, description, image_hash) VALUES (50, '920fb987257bbe4a91f741a1e7798342', 11, 'Slingback Sandals', '', '209dccc7e6b3910cd44bbfc862f3c05b');
INSERT INTO trends (id, trend_id, vertical_id, name, description, image_hash) VALUES (51, 'b5af1215e06c756eb04f71492b791713', 11, 'Bare Heel Sandals', '', 'bee15958177c79651765caab7418de76');
INSERT INTO trends (id, trend_id, vertical_id, name, description, image_hash) VALUES (52, '98ab0aa82f4bd914d1772ca19dc1b01c', 11, 'Closed Back Sandals', '', 'b1c655060a0279dc110e1ff74da4efe2');
INSERT INTO verticals (id, vertical_id, name, geo_zone) VALUES (12, 'sandals:female:closure', 'Closure Types', 'us');
INSERT INTO trends (id, trend_id, vertical_id, name, description, image_hash) VALUES (53, '2c10b15bc3fcc11cabb286379d8685f5', 12, 'Buckle Sandals', '', '881d7943fea013a2fa3c4b1fdee52d93');
INSERT INTO trends (id, trend_id, vertical_id, name, description, image_hash) VALUES (54, 'e8d9cc51d7ad53aa85a616b5ea749fa3', 12, 'No Closure Sandals', '', 'b693a441bd9bf2922720bc4724660e3d');
INSERT INTO trends (id, trend_id, vertical_id, name, description, image_hash) VALUES (55, '11d004ba1f65e84e2ea7fc81a1e1e9d6', 12, 'Velcro Sandals', '', '789f6d991b70fc22848fb48ae06ffc36');
INSERT INTO trends (id, trend_id, vertical_id, name, description, image_hash) VALUES (56, '83b0c6d42314293a177c4b32ca21da8c', 12, 'Lace-Up Sandals', '', 'a4a07d40eea833bebc915fd504ba545c');
INSERT INTO verticals (id, vertical_id, name, geo_zone) VALUES (13, 'sandals:female:platform', 'Plaforms', 'us');
INSERT INTO trends (id, trend_id, vertical_id, name, description, image_hash) VALUES (57, '3a5e599a28fa3bb446288fd57306d907', 13, 'Platform Sandals', '', '7bc63fdb8756809c51a141401eaa60c5');
INSERT INTO trends (id, trend_id, vertical_id, name, description, image_hash) VALUES (58, '24ef687bf5b52f9df28287e017fb222f', 13, 'Flat Sandals', '', 'e2d71abaf053261c09be3e40bd31e069');
INSERT INTO verticals (id, vertical_id, name, geo_zone) VALUES (14, 'dress_shoes:female:shapes', 'Shapes', 'us');
INSERT INTO trends (id, trend_id, vertical_id, name, description, image_hash) VALUES (59, '2ec1b44de54317b5fd60c15e18904d82', 14, 'Pumps', '', '8042abc7cd38d1869811b52f9d1425fe');
INSERT INTO trends (id, trend_id, vertical_id, name, description, image_hash) VALUES (60, 'b3c9cad58e3ac183c80f26c3d543077a', 14, 'Espadrilles', '', '7f5a47b7d12fb3415e9d0758dc04b8a4');
INSERT INTO trends (id, trend_id, vertical_id, name, description, image_hash) VALUES (61, '91320e474a576d58b7edac23257c43c7', 14, 'Mary Janes', '', '7253858062fae64b72b2e4aaa0822aab');
INSERT INTO trends (id, trend_id, vertical_id, name, description, image_hash) VALUES (62, 'eb73dcc46c8c4d7676412c194d7054c9', 14, 'Moccasins', '', '1bc28198d613cf8dd1d06558e1b84ae1');
INSERT INTO trends (id, trend_id, vertical_id, name, description, image_hash) VALUES (63, '110882b9dd991688b3591f0f114f0432', 14, 'Ballerinas', '', 'a497b5ace2fc65a38a52e72383c390e9');
INSERT INTO trends (id, trend_id, vertical_id, name, description, image_hash) VALUES (64, '86d023f5d458061e6c8977db71d5dd15', 14, 'Clogs', '', '4be5284f9b058a504d2439f6b1461ce7');
INSERT INTO trends (id, trend_id, vertical_id, name, description, image_hash) VALUES (65, 'fa392cc043ff6f0fc8089c9391b48cbf', 14, 'House Slippers', '', 'c184c4fdb258a8072f1bb79a332b0ba3');
INSERT INTO trends (id, trend_id, vertical_id, name, description, image_hash) VALUES (66, '29d5f800595bd82418a1a8e1cdfdf0e8', 14, 'Loafers', '', 'fbf3497eb7d2fecca7b060efaa3eb218');
INSERT INTO verticals (id, vertical_id, name, geo_zone) VALUES (15, 'dress_shoes:female:toeshape', 'Toe Shapes', 'us');
INSERT INTO trends (id, trend_id, vertical_id, name, description, image_hash) VALUES (67, '3306181ee8a42cf7423e68c853dab5c0', 15, 'Pointy Toe Dress Shoes', '', '7a604d71e6ea585fb970f063a9e172c5');
INSERT INTO trends (id, trend_id, vertical_id, name, description, image_hash) VALUES (68, '416584629bf06f344440209feb8ea47f', 15, 'Square Toe Dress Shoes', '', 'be5670be33b7d19fb159f3cb7cba95dd');
INSERT INTO verticals (id, vertical_id, name, geo_zone) VALUES (16, 'dress_shoes:female:heeltype', 'Heel Types', 'us');
INSERT INTO trends (id, trend_id, vertical_id, name, description, image_hash) VALUES (69, 'a7a85eb6abe07670aafd59152afd2142', 16, 'No Heel Dress Shoes', '', '5f06cf404da848975163029701b2141c');
INSERT INTO trends (id, trend_id, vertical_id, name, description, image_hash) VALUES (70, '2c632d3ae53178ca3f4a55d2a6b454c0', 16, 'Wedge Dress Shoes', '', 'ec20728c0a361374db297ab8e5563cb6');
INSERT INTO trends (id, trend_id, vertical_id, name, description, image_hash) VALUES (71, 'c446f79d13970f47635067391fa81f71', 16, 'Flat Heel Dress Shoes', '', 'b8b5711e47e75fffcebf240ca6479e60');
INSERT INTO trends (id, trend_id, vertical_id, name, description, image_hash) VALUES (72, '14d534f77919324da811dad6bb88200a', 16, 'Stilettos', '', '1d760919d27653a118c3082effcc9ec4');
INSERT INTO trends (id, trend_id, vertical_id, name, description, image_hash) VALUES (73, '33f64e3bd5b54c86f10ad82877553b54', 16, 'Block Heel Dress Shoes', '', '375bbb6ff19340000a5dd6281b63c881');
INSERT INTO verticals (id, vertical_id, name, geo_zone) VALUES (17, 'dress_shoes:female:heelheight', 'Heel Heights', 'us');
INSERT INTO trends (id, trend_id, vertical_id, name, description, image_hash) VALUES (74, '6857eff94c2b9206e696e94ca9a177fc', 17, 'Flat Dress Shoes', '', '5b2da2d509a0a0553372274b1712cf35');
INSERT INTO trends (id, trend_id, vertical_id, name, description, image_hash) VALUES (75, '5b80641bc552529602457ff737e0415d', 17, 'High Heel Dress Shoes', '', '3272a6ee30c807e22f401665ff9a41ad');
INSERT INTO verticals (id, vertical_id, name, geo_zone) VALUES (18, 'dress_shoes:female:backtype', 'Back Types', 'us');
INSERT INTO trends (id, trend_id, vertical_id, name, description, image_hash) VALUES (76, 'fd74d5d3ef95e55b9c83587b240e4e02', 18, 'Closed Back Dress Shoes', '', 'c7514e0da17b2e8fc47c45b260fe0f31');
INSERT INTO trends (id, trend_id, vertical_id, name, description, image_hash) VALUES (77, '02537914cba1813887c2d7798494585c', 18, 'Slingback Dress Shoes', '', '08894cb5de34c00e9148815198cc442a');
INSERT INTO trends (id, trend_id, vertical_id, name, description, image_hash) VALUES (78, '622160576bfc2b3f0699683d29b1f6d6', 18, 'Open Dress Shoes', '', '66722361bb942b8e25975f276a6f9c0e');
INSERT INTO trends (id, trend_id, vertical_id, name, description, image_hash) VALUES (79, 'b6ae66aadd3ac76e312ab96e4afc17c3', 18, 'Mule Dress Shoes', '', 'd4f144505a512ad72a0bdd845ebc6c31');
INSERT INTO verticals (id, vertical_id, name, geo_zone) VALUES (19, 'dress_shoes:female:closure', 'Closure Types', 'us');
INSERT INTO trends (id, trend_id, vertical_id, name, description, image_hash) VALUES (80, '27314b753dfd678513d79b82edb0f909', 19, 'Velcro Dress Shoes', '', '8c4788e6020aa193adff3e07f27696c2');
INSERT INTO trends (id, trend_id, vertical_id, name, description, image_hash) VALUES (81, 'f4bde4f8b264691df83134ece4c0a3e7', 19, 'Buckle Dress Shoes', '', '1cdcc887e2bc6a4870c181df1ee83719');
INSERT INTO trends (id, trend_id, vertical_id, name, description, image_hash) VALUES (82, '457e3c4fe94293d93bbd74fc66f0cca3', 19, 'Slip-On Dress Shoes', '', '46588c2e269fe901037a716fbb9260bf');
INSERT INTO trends (id, trend_id, vertical_id, name, description, image_hash) VALUES (83, 'bb5ce6b312fbddf53658547166349899', 19, 'Lace-Up Dress Shoes', '', '556adb4a4ee22f139cfbedc63d8969ba');
INSERT INTO verticals (id, vertical_id, name, geo_zone) VALUES (20, 'dress_shoes:female:platform', 'Plaforms', 'us');
INSERT INTO trends (id, trend_id, vertical_id, name, description, image_hash) VALUES (84, '51b89b79a5d9e8c52d5b0aab54f496a9', 20, 'Platform Dress Shoes', '', '8b98ef48c23c185638c62b0893714b5e');
INSERT INTO verticals (id, vertical_id, name, geo_zone) VALUES (21, 'boots:female:shapes', 'Shapes', 'us');
INSERT INTO trends (id, trend_id, vertical_id, name, description, image_hash) VALUES (85, 'b29cf9b28a7351c2d51a96983a2043e9', 21, 'Duck Boots', '<ul><li>Usually found with lace-up closures, however other kinds of closures such as buckles, velcro or drawstring are also accepted.</li><li>Waterproof with <strong>an upper bottom piece made from rubber or other waterproof material</strong></li><li>Usually, the rubber bottom part is textured with friezes</li><li>The top part above it can be made out of waterproof material as well, leather, rubber, suede etc.</li></ul>', 'cee3fdd9203da107677ee22d71cf63fc');
INSERT INTO trend_images (trend_id, image_type, md5_hash, description) VALUES (85, 'positive', 'fc6a6a61fe047bbb03dd4557d96c53b7', '');
INSERT INTO trend_images (trend_id, image_type, md5_hash, description) VALUES (85, 'positive', '68ba623e45604bde5abb0c99e5aa3181', '');
INSERT INTO trend_images (trend_id, image_type, md5_hash, description) VALUES (85, 'positive', '3a18b24dc8d7f3124058e9b71904ca8a', '');
INSERT INTO trend_images (trend_id, image_type, md5_hash, description) VALUES (85, 'positive', '898067b115aba660759afb67a3660f17', '');
INSERT INTO trend_images (trend_id, image_type, md5_hash, description) VALUES (85, 'negative', '71a1ed82155e1b282580f75c75f4757d', 'These are Chelsea boots, every boot with the side elastic inserts is considered a Chelsea boots');
INSERT INTO trend_images (trend_id, image_type, md5_hash, description) VALUES (85, 'negative', '23f72902232eb5a593446c4ce4eed991', 'There are no textured bottom (friezes), therefore these are Rain Boots.');
INSERT INTO trend_images (trend_id, image_type, md5_hash, description) VALUES (85, 'negative', '7155d165733e127f0a21f77fc9cfc6f6', 'The length is below the ankle, therefore this is a Duck Moccasins');
INSERT INTO trend_images (trend_id, image_type, md5_hash, description) VALUES (85, 'negative', '2b84a37c591802ace419c01f0d7a79e0', 'Larger in appearance with no friezes with criss cross lace closure, these are Moon Boots.');
INSERT INTO trends (id, trend_id, vertical_id, name, description, image_hash) VALUES (86, 'bfcb8f1fce644baddce38e36cf97ceaf', 21, 'Classic Boots', '<ul><li>Classic boots are the most versatile shape of boots</li><li>These boots can have different kinds of fits: form-fitting, straight or slouchy</li><li>These boots usually are more structured and sturdy due to the lining inside the shoes.</li><li>They can be of any shaft height, have any type, height of heel, toe shape etc.</li></ul>', 'cc498e8f5d1008d4435e553e1bb8623e');
INSERT INTO trend_images (trend_id, image_type, md5_hash, description) VALUES (86, 'positive', 'c9fa51e7a653ba30e183f8e1c657287d', '');
INSERT INTO trend_images (trend_id, image_type, md5_hash, description) VALUES (86, 'positive', '6ca48d773af50523850ec5de2fdae522', '');
INSERT INTO trend_images (trend_id, image_type, md5_hash, description) VALUES (86, 'positive', '6de895b03a252eb153f5a4012e44d1f8', '');
INSERT INTO trend_images (trend_id, image_type, md5_hash, description) VALUES (86, 'positive', 'a0cfa65b4cc635408c027adf856867cf', '');
INSERT INTO trend_images (trend_id, image_type, md5_hash, description) VALUES (86, 'negative', '642c96595320dd4e3043b4bf9ad54033', 'These boots have more than one buckles, therefore these are Biker Boots.');
INSERT INTO trend_images (trend_id, image_type, md5_hash, description) VALUES (86, 'negative', '6e184665a63516ed4d2f4e966b9e53bb', 'Slimmer fit with lace-up closure, these are Dress Boots.');
INSERT INTO trend_images (trend_id, image_type, md5_hash, description) VALUES (86, 'negative', 'c07258ace6c2c207fb100e2a7d3225e3', 'Made from knitted fabric and have a tight fit all around the shoes, therefore these are Sock Boots.');
INSERT INTO trend_images (trend_id, image_type, md5_hash, description) VALUES (86, 'negative', 'f81df7150aae156cc34af0e1473e60af', 'There is a presence of elastic on the sides, therefore they are Chelsea Boots.');
INSERT INTO trends (id, trend_id, vertical_id, name, description, image_hash) VALUES (87, 'be2ccbc6d1d7d6ccffdb73167b37d1ca', 21, 'Biker Boots', '<p>Tagging rules</p><ul><li>Biker boots have one or more buckles, that can be around the vamp, up the ankles and shaft</li><li>The buckles are mostly used for decorative purposes, while the boots have other means of closure such as zipper</li><li>They are always made out of leather, have a round toe, a thick lug sole, and a straight fit&nbsp;</li></ul>', 'fa36d88cfcaabbea5a6e79598524af59');
INSERT INTO trend_images (trend_id, image_type, md5_hash, description) VALUES (87, 'positive', 'c1b9d1f0c04a541bfbcc4bb4ecac55d2', '');
INSERT INTO trend_images (trend_id, image_type, md5_hash, description) VALUES (87, 'positive', '642c96595320dd4e3043b4bf9ad54033', '');
INSERT INTO trend_images (trend_id, image_type, md5_hash, description) VALUES (87, 'positive', 'cb6e0b5257aa4f7f8b16f3c6af51df3b', '');
INSERT INTO trend_images (trend_id, image_type, md5_hash, description) VALUES (87, 'positive', 'a546eefc15e2e020153746f8b13a0550', '');
INSERT INTO trend_images (trend_id, image_type, md5_hash, description) VALUES (87, 'negative', '8c650aad4fa0db261fda132530fb598e', 'Plain features with no buckles, therefore these are Classic Boots.');
INSERT INTO trend_images (trend_id, image_type, md5_hash, description) VALUES (87, 'negative', 'c34e1457ab3cca9da47ff41936052f90', 'The metal hardware is a ring surrounded by three piece of leather straps, therefore these are Harness Boots.');
INSERT INTO trend_images (trend_id, image_type, md5_hash, description) VALUES (87, 'negative', '2120bb132f22d90f7857bc87f656e59e', 'The buckle goes around the ankle as a closure, therefore these are Jodhpur Boots.');
INSERT INTO trend_images (trend_id, image_type, md5_hash, description) VALUES (87, 'negative', 'c506743dd472fdbf9bf34f6249494c14', 'Heavy duty boots with lace-up closure in the middle, therefore these are Combat Boots.');
INSERT INTO trends (id, trend_id, vertical_id, name, description, image_hash) VALUES (88, 'e451dc0725ab863a8e47e3a00003121e', 21, 'Equestrian Boots', '<ul><li>These boots are usually quite tall, always below the knee or over the knee</li><li>They have smooth soles, with a low or flat-heeled</li><li>The fit may be tight around the calf or outlined calf shape</li></ul>', '9bc408cb8c5b34ccc4ca6cfb6b2e3d1e');
INSERT INTO trend_images (trend_id, image_type, md5_hash, description) VALUES (88, 'positive', '43c280965208a1629a47f24ee07bc90a', 'Angled top line');
INSERT INTO trend_images (trend_id, image_type, md5_hash, description) VALUES (88, 'positive', '626e1dc3ecb125d171ada4f63827fee9', 'Although there is a harness present, due to other characteristics of the boots, these are Equestrian Boots.');
INSERT INTO trend_images (trend_id, image_type, md5_hash, description) VALUES (88, 'positive', 'caca3c8573cded2668191240677e8567', 'Adjustable straps and zipper closure.');
INSERT INTO trend_images (trend_id, image_type, md5_hash, description) VALUES (88, 'positive', '0fcf71c255fea24fe3ddce58e3d22002', '');
INSERT INTO trend_images (trend_id, image_type, md5_hash, description) VALUES (88, 'negative', 'c1b9d1f0c04a541bfbcc4bb4ecac55d2', 'Heeled soles with buckle details, these are Biker Boots.');
INSERT INTO trend_images (trend_id, image_type, md5_hash, description) VALUES (88, 'negative', 'c9fa51e7a653ba30e183f8e1c657287d', 'The height is not tall enough to be considered equestrian boots.');
INSERT INTO trend_images (trend_id, image_type, md5_hash, description) VALUES (88, 'negative', '23f72902232eb5a593446c4ce4eed991', 'These boots are made of rubber, therefore they are Rain Boots.');
INSERT INTO trend_images (trend_id, image_type, md5_hash, description) VALUES (88, 'negative', 'c506743dd472fdbf9bf34f6249494c14', 'Heeled soles with lace-up closure, these are Combat Boots.');
INSERT INTO trends (id, trend_id, vertical_id, name, description, image_hash) VALUES (89, '156ec946f3a822fdba40b01d27e97127', 21, 'Rain Boots', '<ul><li>Rain boots are always made entirely of rubber</li><li>They usually have a straight fit and round toes</li><li>May have heels, but generally these boots have flat heels</li><li>They can have low or high shaft height</li></ul>', '96e259141536c7c9fa20ef551aabbaf5');
INSERT INTO trend_images (trend_id, image_type, md5_hash, description) VALUES (89, 'positive', '46a304b5799c3a601dbae41f4037e369', '');
INSERT INTO trend_images (trend_id, image_type, md5_hash, description) VALUES (89, 'positive', '1c705ee672e02fe0358520df77026cef', '');
INSERT INTO trend_images (trend_id, image_type, md5_hash, description) VALUES (89, 'positive', '23f72902232eb5a593446c4ce4eed991', '');
INSERT INTO trend_images (trend_id, image_type, md5_hash, description) VALUES (89, 'positive', '57463d3558a2eb9a82750dd33a75cc28', '');
INSERT INTO trend_images (trend_id, image_type, md5_hash, description) VALUES (89, 'negative', 'e9876cb645952a58c71a37df40fc3238', 'These boots have the elastic on the side which makes them Chelsea Boots.');
INSERT INTO trend_images (trend_id, image_type, md5_hash, description) VALUES (89, 'negative', '68ba623e45604bde5abb0c99e5aa3181', 'These boots are made from partly rubber and leather with the friezes, these are Duck Boots.');
INSERT INTO trend_images (trend_id, image_type, md5_hash, description) VALUES (89, 'negative', 'c506743dd472fdbf9bf34f6249494c14', 'These are made from leather with lace-up closure, these are Combat Boots.');
INSERT INTO trend_images (trend_id, image_type, md5_hash, description) VALUES (89, 'negative', '43c280965208a1629a47f24ee07bc90a', 'Knee-high length, made from leather with a tight fit around the calf, these are Equestrian Boots.');
INSERT INTO trends (id, trend_id, vertical_id, name, description, image_hash) VALUES (90, 'a18b82ea1dc4968c8d73cfc79862bb3e', 21, 'Dress Boots', '<ul><li>Dress boots usually have a lace-up, but can also have monk straps</li><li>They are fitted to the foot and have a slim and smooth sole</li><li>They may have perforation embellishments and toe caps</li><li>Must have the dress shoes characteristics (toe, vamp, and quarter)</li></ul>', '1430863c5a9a740906b95f6969a62701');
INSERT INTO trend_images (trend_id, image_type, md5_hash, description) VALUES (90, 'positive', '6e184665a63516ed4d2f4e966b9e53bb', '');
INSERT INTO trend_images (trend_id, image_type, md5_hash, description) VALUES (90, 'positive', '556f2885b250273deac3cdaf45df188e', 'Dress Boots with Monk Straps');
INSERT INTO trend_images (trend_id, image_type, md5_hash, description) VALUES (90, 'positive', '8cf3d89c79d4c82d10c39b12f301c945', '');
INSERT INTO trend_images (trend_id, image_type, md5_hash, description) VALUES (90, 'positive', '0915fbad28f3fa947379f383dd2e65f9', '');
INSERT INTO trend_images (trend_id, image_type, md5_hash, description) VALUES (90, 'negative', '1b39cc4fc154ecf72e62ce4fe4798552', 'These are Oxford Shoes.');
INSERT INTO trend_images (trend_id, image_type, md5_hash, description) VALUES (90, 'negative', 'c506743dd472fdbf9bf34f6249494c14', 'Lace-up closure with chunky soles, these are Combat Boots.');
INSERT INTO trend_images (trend_id, image_type, md5_hash, description) VALUES (90, 'negative', 'c9fa51e7a653ba30e183f8e1c657287d', 'Smooth details all around the boots, therefore these are Classic Boots.');
INSERT INTO trend_images (trend_id, image_type, md5_hash, description) VALUES (90, 'negative', 'f81df7150aae156cc34af0e1473e60af', 'There is an elastic by the side of the boots, therefore these are Chelsea Boots.');
INSERT INTO trends (id, trend_id, vertical_id, name, description, image_hash) VALUES (91, '82e2fddc58206f8c30526373e48879ed', 21, 'Cowboy Boots', '<ul><li>Cowboy boots have a looser fit shaft, with embellished shafts, usually with Western-inspired patterns</li><li>They have a V-shape top line or straight top line, they may have pull tabs on the side,</li><li>The toe is slightly angled up, with a pointy toebox shape</li><li>They have Cuban heels</li></ul>', 'dcf117160b44634b457f92408702d05d');
INSERT INTO trend_images (trend_id, image_type, md5_hash, description) VALUES (91, 'positive', '826ed5a16d2a5beb21232bdb1fd6b963', '');
INSERT INTO trend_images (trend_id, image_type, md5_hash, description) VALUES (91, 'positive', '9b3fb363227cedba2a6bef63b0447bb8', '');
INSERT INTO trend_images (trend_id, image_type, md5_hash, description) VALUES (91, 'positive', '38d9c39437094b7160f437d18bd1729c', '');
INSERT INTO trend_images (trend_id, image_type, md5_hash, description) VALUES (91, 'positive', '8eca42af2e6ab9123e5e9c8d315f46e3', '');
INSERT INTO trend_images (trend_id, image_type, md5_hash, description) VALUES (91, 'negative', '626e1dc3ecb125d171ada4f63827fee9', 'Unembellished shaft with a flat heel, therefore these are Equestrian Boots.');
INSERT INTO trend_images (trend_id, image_type, md5_hash, description) VALUES (91, 'negative', '57463d3558a2eb9a82750dd33a75cc28', 'These boots are made out of rubber, therefore these are Rain Boots.');
INSERT INTO trend_images (trend_id, image_type, md5_hash, description) VALUES (91, 'negative', 'a0cfa65b4cc635408c027adf856867cf', 'Plain boots with a kitten heel, these are Classic Boots.');
INSERT INTO trend_images (trend_id, image_type, md5_hash, description) VALUES (91, 'negative', 'c07258ace6c2c207fb100e2a7d3225e3', 'Tight sock-like shaft with high heels, these are Sock Boots.');
INSERT INTO trends (id, trend_id, vertical_id, name, description, image_hash) VALUES (92, 'b1e2cbe495cbe4cb4e1032a4c095cc21', 21, 'Sock Boots', '<ul><li>Sock boots are always fitted tight to the foot and leg - looking like a sock with a sole.</li><li>They can be knitted or made out of a nylon fabric</li><li>They don\'t have a hard structure on the upper, only around the sole, contrary to the classic boot</li><li>They can be any length but are mostly low-to mid calf height</li></ul>', 'fd7c6b4e5fa563c261cfc6f5e4407d2e');
INSERT INTO trend_images (trend_id, image_type, md5_hash, description) VALUES (92, 'positive', '3ea88b9d4286cd5a8248da3ea2e7da43', '');
INSERT INTO trend_images (trend_id, image_type, md5_hash, description) VALUES (92, 'positive', 'c07258ace6c2c207fb100e2a7d3225e3', '');
INSERT INTO trend_images (trend_id, image_type, md5_hash, description) VALUES (92, 'positive', 'ef45d5ec892c2dc874d1f5f16475c23b', '');
INSERT INTO trend_images (trend_id, image_type, md5_hash, description) VALUES (92, 'positive', 'a02632d22b8e8c400251756d405375b3', '');
INSERT INTO trend_images (trend_id, image_type, md5_hash, description) VALUES (92, 'negative', '6ca48d773af50523850ec5de2fdae522', 'The upper has a lined structure, therefore not very fitted to the foot and leg - these are Classic Boots.');
INSERT INTO trend_images (trend_id, image_type, md5_hash, description) VALUES (92, 'negative', 'c506743dd472fdbf9bf34f6249494c14', 'Lace-up closure with a straight fit, these are Combat Boots.');
INSERT INTO trend_images (trend_id, image_type, md5_hash, description) VALUES (92, 'negative', '0fcf71c255fea24fe3ddce58e3d22002', 'Longer shaft with a straight fit, not sculpted to the legs as socks do - these are Equestrian Boots.');
INSERT INTO trend_images (trend_id, image_type, md5_hash, description) VALUES (92, 'negative', 'f81df7150aae156cc34af0e1473e60af', 'There is an elastic on the side of the boots, these are Chelsea Boots.');
INSERT INTO trends (id, trend_id, vertical_id, name, description, image_hash) VALUES (93, '1664b8aae4b28af95e932f3f8e556f7a', 21, 'Combat Boots', '<ul><li>Have a lace-up closure, a frontal zipper closure or even velcro. These closures need to be in the center of the shoe.</li><li>They have a "bulky" look, usually accompanied by lug soles (chunky soles).</li><li>Can have buckle or zipper embellishments.</li><li>Can be any boot height, mostly mid-calf.</li></ul>', '5d43bfa1fbc208c3edad250aeca5c189');
INSERT INTO trend_images (trend_id, image_type, md5_hash, description) VALUES (93, 'positive', 'c506743dd472fdbf9bf34f6249494c14', '');
INSERT INTO trend_images (trend_id, image_type, md5_hash, description) VALUES (93, 'positive', '04ffcdd2a7386169bb58ffc07fe6bfc2', '');
INSERT INTO trend_images (trend_id, image_type, md5_hash, description) VALUES (93, 'positive', '3cdcd3c37e23d0b8883e77f42f9594aa', '');
INSERT INTO trend_images (trend_id, image_type, md5_hash, description) VALUES (93, 'positive', '52f8f3b07d216f63bf56563b925f29fe', '');
INSERT INTO trend_images (trend_id, image_type, md5_hash, description) VALUES (93, 'negative', 'f81df7150aae156cc34af0e1473e60af', 'There is an elastic insert on the side that serves as closure, therefore these are Chelsea Boots.');
INSERT INTO trend_images (trend_id, image_type, md5_hash, description) VALUES (93, 'negative', '82490782534e1ce0bd35e2e87d1e8281', 'The hook lace-up with a padded patch on the back top-line, these are Hiking Boots.');
INSERT INTO trend_images (trend_id, image_type, md5_hash, description) VALUES (93, 'negative', '6e184665a63516ed4d2f4e966b9e53bb', 'These are Dress Boots, the soles are thinner and fitted to the legs more.');
INSERT INTO trend_images (trend_id, image_type, md5_hash, description) VALUES (93, 'negative', '92eef3db11f861591d822aca4cb408e7', 'There is no central closure and they have buckle details, therefore they are Biker Boots.');
INSERT INTO trends (id, trend_id, vertical_id, name, description, image_hash) VALUES (94, 'c9c14b35cb08ce5be78bf0537790728e', 21, 'Hiking Boots', '<ul><li>Hiking boots have a padded back patch or top line.</li><li>They are usually laced with ski loop eyelets.</li><li>They have heavy soles, either textured or lug.</li><li>May have a chunky heel, that can go from flat to medium height.</li><li>Usually, they are a low calf height.</li><li>Hiking boots have a sturdy upper with materials like leather, suede, and heavy canvas, compared to trail sneakers, which use flexible/technical materials for the upper.</li></ul>', 'd674a2fe3319a58618dd831803b68533');
INSERT INTO trend_images (trend_id, image_type, md5_hash, description) VALUES (94, 'positive', '3c941a17fa17b0f2618a763664728fb5', '');
INSERT INTO trend_images (trend_id, image_type, md5_hash, description) VALUES (94, 'positive', '30c00ad930aa145844217f3480f30041', '');
INSERT INTO trend_images (trend_id, image_type, md5_hash, description) VALUES (94, 'positive', '0989e669b72f1ab6c5e4195b20a039fb', '');
INSERT INTO trend_images (trend_id, image_type, md5_hash, description) VALUES (94, 'positive', '82490782534e1ce0bd35e2e87d1e8281', '');
INSERT INTO trend_images (trend_id, image_type, md5_hash, description) VALUES (94, 'negative', '52f8f3b07d216f63bf56563b925f29fe', 'There is no back patch, with the lace-up closure and the thick soles - these are Combat Boots.');
INSERT INTO trend_images (trend_id, image_type, md5_hash, description) VALUES (94, 'negative', 'fc6a6a61fe047bbb03dd4557d96c53b7', 'There is the rubber bottom half with frizie, therefore these are Duck Boots.');
INSERT INTO trend_images (trend_id, image_type, md5_hash, description) VALUES (94, 'negative', '782b0ea8e2c0f6a2e2c12b5f5236cd73', 'These are trail (hiking) sneakers because of the upper material used.');
INSERT INTO trend_images (trend_id, image_type, md5_hash, description) VALUES (94, 'negative', 'f81df7150aae156cc34af0e1473e60af', 'There is the elastic side insert that functions as a closure, therefore these are Chelsea Boots.');
INSERT INTO trends (id, trend_id, vertical_id, name, description, image_hash) VALUES (95, '42c09ad6ff6c553993d00cdffe1a7ec3', 21, 'Snow Boots', '<ul><li>Snow boots are fully padded or lined with a thick material such as fur or shearling.</li><li>They have a "bulky" look, with ropes or laces as closure, and usually have flat soles.</li><li>The upper is usually made of a waterproof material or suede, but it can also be made from fur or shearling.&nbsp;</li></ul>', '215dc01f2931aff61513871c0af9821f');
INSERT INTO trend_images (trend_id, image_type, md5_hash, description) VALUES (95, 'positive', '03c5a7b812ac2364debc84c717b8bfba', '');
INSERT INTO trend_images (trend_id, image_type, md5_hash, description) VALUES (95, 'positive', 'cf49afb19f904c0732602221672cd666', '');
INSERT INTO trend_images (trend_id, image_type, md5_hash, description) VALUES (95, 'positive', 'd445109ab0393a5732fd5e2283ca8085', '');
INSERT INTO trend_images (trend_id, image_type, md5_hash, description) VALUES (95, 'positive', '94c16bbe0aea32bfff05e10a02c6a3cf', '');
INSERT INTO trend_images (trend_id, image_type, md5_hash, description) VALUES (95, 'negative', '57463d3558a2eb9a82750dd33a75cc28', 'These boots are made from fully rubber for waterproof reasons, therefore these are Rain Boots.');
INSERT INTO trend_images (trend_id, image_type, md5_hash, description) VALUES (95, 'negative', '0626d59b410f129bb68d0f5d4af8604b', 'Although there is a fur detailing, there is an elastic closure on the side, which makes these boots Chelsea Boots.');
INSERT INTO trend_images (trend_id, image_type, md5_hash, description) VALUES (95, 'negative', '5affd4326020bdf133efae7677432eed', 'Though there is an inner warm lining, the ski loops suggest that these are Hiking Boots.');
INSERT INTO trend_images (trend_id, image_type, md5_hash, description) VALUES (95, 'negative', '68ba623e45604bde5abb0c99e5aa3181', 'Mixed material of rubber and suede with the frizie detailing on the rubber part, these are Duck Boots.');
INSERT INTO trends (id, trend_id, vertical_id, name, description, image_hash) VALUES (96, 'cd792d0542c74cdc190dcb7e76f96f76', 21, 'Chelsea Boots', '<ul><li>Chelsea boots always have elastic inserts on the sides of the boots</li><li>The elastics can be plain, printed, knitted, or elasticated leather</li><li>Can be any height, but mostly low-calf or mid-calf</li></ul>', '94a473975482c2aaa452189c0ee5690a');
INSERT INTO trend_images (trend_id, image_type, md5_hash, description) VALUES (96, 'positive', 'f81df7150aae156cc34af0e1473e60af', '');
INSERT INTO trend_images (trend_id, image_type, md5_hash, description) VALUES (96, 'positive', '22902a340a5c4dc3a55b47152791a54f', '');
INSERT INTO trend_images (trend_id, image_type, md5_hash, description) VALUES (96, 'positive', 'ba50b056b9bfbe2106facc6508a37c45', '');
INSERT INTO trend_images (trend_id, image_type, md5_hash, description) VALUES (96, 'positive', '9c8ac4cccdd6f82f6c1e494161c2ceb7', '');
INSERT INTO trend_images (trend_id, image_type, md5_hash, description) VALUES (96, 'negative', '6ca48d773af50523850ec5de2fdae522', 'Plain detailing all around, therefore these are Classic Boots.');
INSERT INTO trend_images (trend_id, image_type, md5_hash, description) VALUES (96, 'negative', '0915fbad28f3fa947379f383dd2e65f9', 'The boots can be opened/closed with the laces with dress shoes pattern, therefore these are Dress Boots.');
INSERT INTO trend_images (trend_id, image_type, md5_hash, description) VALUES (96, 'negative', 'c34e1457ab3cca9da47ff41936052f90', 'Higher boots height with the ring metalware with three straps, these are Harness Boots.');
INSERT INTO trend_images (trend_id, image_type, md5_hash, description) VALUES (96, 'negative', '9b3fb363227cedba2a6bef63b0447bb8', 'Cuban heel, pointed toes, and Western-inspired motifs, these are Cowboy Boots.');
INSERT INTO verticals (id, vertical_id, name, geo_zone) VALUES (22, 'boots:female:toeshape', 'Toe Shapes', 'us');
INSERT INTO trends (id, trend_id, vertical_id, name, description, image_hash) VALUES (97, '9485a5912478bf833a6cf23954d0f328', 22, 'Pointy Toe Boots', '', '975cd9156e25599a8a9b1e1b2e9e7678');
INSERT INTO trends (id, trend_id, vertical_id, name, description, image_hash) VALUES (98, 'a1699f1686c9cedb60d0255a58528254', 22, 'Round Toe Boots', '', '346cfbcc8fd64fe3ac6b52b08451a337');
INSERT INTO trends (id, trend_id, vertical_id, name, description, image_hash) VALUES (99, '55b12030644eca5ca427d926fa387f62', 22, 'Almond Toe Boots', '', 'a1effb59946c387a8a92d5914d966f49');
INSERT INTO trends (id, trend_id, vertical_id, name, description, image_hash) VALUES (100, 'ee36418e318b77acd997a5bb6172df38', 22, 'Square Toe Boots', '', '55ba641a0a8f1a7ffeddaa56b3e609c6');
INSERT INTO verticals (id, vertical_id, name, geo_zone) VALUES (23, 'boots:female:heeltype', 'Heel Types', 'us');
INSERT INTO trends (id, trend_id, vertical_id, name, description, image_hash) VALUES (101, 'a9f1d32f597dedd5cd169de343a9a201', 23, 'Cuban Heels Boots', '', '68f963215f4fe1e99ee750a73d78a223');
INSERT INTO trends (id, trend_id, vertical_id, name, description, image_hash) VALUES (102, 'ffa72b1956af9898fd008a5dc4aa8a06', 23, 'Flat Heel Boots', '', 'cc1524eabf63614db3568f2789a073a5');
INSERT INTO trends (id, trend_id, vertical_id, name, description, image_hash) VALUES (103, '11f17785fd6bd96497655fafea921ef6', 23, 'Wedge Boots', '', '9a81f2d4cb656ca7bb7949bf971229e2');
INSERT INTO trends (id, trend_id, vertical_id, name, description, image_hash) VALUES (104, 'f6e15530eee20b9c0c59573283b6a58b', 23, 'Stiletto Heel Boots', '', 'c9cd3c4b35ebd8bcae982a57106e83e9');
INSERT INTO trends (id, trend_id, vertical_id, name, description, image_hash) VALUES (105, '475caa21ea5912ac75aae1e8a8cbe6eb', 23, 'Block Heel Boots', '', 'ff565275acfe2072a98b964e53ced30f');
INSERT INTO verticals (id, vertical_id, name, geo_zone) VALUES (24, 'boots:female:heelheight', 'Heel Heights', 'us');
INSERT INTO trends (id, trend_id, vertical_id, name, description, image_hash) VALUES (106, 'd395c302e4e7ed62b8e5eae86afab8a0', 24, 'Flat Boots', '', '42c8b2c40e435c540951639225114967');
INSERT INTO trends (id, trend_id, vertical_id, name, description, image_hash) VALUES (107, '7cad8efd5741a29958b888f590d7893e', 24, 'Medium Heel Boots', '', '39e7793168f47c006bbb3d4d8c45670c');
INSERT INTO trends (id, trend_id, vertical_id, name, description, image_hash) VALUES (108, '9969f8ef5c20d44c8d1157133a6c9713', 24, 'High Heel Boots', '', '2388fc9a42fc6afedd9027dcff994069');
INSERT INTO verticals (id, vertical_id, name, geo_zone) VALUES (25, 'boots:female:shaftheight', 'Shaft Heights', 'us');
INSERT INTO trends (id, trend_id, vertical_id, name, description, image_hash) VALUES (109, 'eee0c20c7fa01a734ec28d0e752cf55a', 25, 'Ankle-Length Boots', '', '876bafd744df4a99a11e1177a018725b');
INSERT INTO trends (id, trend_id, vertical_id, name, description, image_hash) VALUES (110, '0259d80d114d7273df81210a91cfc0ac', 25, 'Mid-Calf Boots', '', '35b890df0f4f9028d1579efc95066469');
INSERT INTO trends (id, trend_id, vertical_id, name, description, image_hash) VALUES (111, 'fceb49c984a7585dc7b667cff2546436', 25, 'Above The Knee Boots', '', 'd23e1479cf6c9236a5275341c0827963');
INSERT INTO trends (id, trend_id, vertical_id, name, description, image_hash) VALUES (112, '400243475c6c2dfbfaf32f53983d735d', 25, 'Knee High Boots', '', '507c6aa68910e601ac241941a62be4b5');
INSERT INTO verticals (id, vertical_id, name, geo_zone) VALUES (26, 'boots:female:platform', 'Plaforms', 'us');
INSERT INTO trends (id, trend_id, vertical_id, name, description, image_hash) VALUES (113, 'df2245b3ebe92f62a690f9b391b20e6b', 26, 'Platform Boots', '', '4c50ef4841cb6c41a050f6f2df81a76d');
INSERT INTO trends (id, trend_id, vertical_id, name, description, image_hash) VALUES (114, '56c01778322c4194e66bdb18b384c96c', 26, 'Flat Boots', '', 'dc4073c51aa604bc444a4a52fa3d3c65');
INSERT INTO verticals (id, vertical_id, name, geo_zone) VALUES (27, 'boots:female:closure', 'Closure Types', 'us');
INSERT INTO trends (id, trend_id, vertical_id, name, description, image_hash) VALUES (115, '8d4cf6c55ceed07434575eb82be8222c', 27, 'Pull-On Boots', '', '1cf9871802048cf9a0704b0c7ffc8514');
INSERT INTO trends (id, trend_id, vertical_id, name, description, image_hash) VALUES (116, '98c237102802065fc3a270caa9d2534b', 27, 'Lace-Up Boots', '', '4257e1c2784bddd96d8b466ea50edc25');
INSERT INTO trends (id, trend_id, vertical_id, name, description, image_hash) VALUES (117, 'd20188a1885c580cb53139cb94f58da1', 27, 'Zip-Up Boots', '', 'd4a4aa807dcf065d5882269b6786ae18');
INSERT INTO trends (id, trend_id, vertical_id, name, description, image_hash) VALUES (118, '21eed3743ed01585c3a8d7b4c3f9824a', 27, 'Buckle Boots', '', '2a7f309d924a0a7e92c5f80063da07a1');
INSERT INTO verticals (id, vertical_id, name, geo_zone) VALUES (28, 'boots:female:soleeffect', 'Sole Effects', 'us');
INSERT INTO trends (id, trend_id, vertical_id, name, description, image_hash) VALUES (119, '57bb98ec313525393dc04418536a7f78', 28, 'Lug Sole Boots', '', '9fd642be468e9c815a883d964ed7eebc');
INSERT INTO verticals (id, vertical_id, name, geo_zone) VALUES (29, 'outerwear:female:shapes', 'Shapes', 'us');
INSERT INTO trends (id, trend_id, vertical_id, name, description, image_hash) VALUES (120, 'bf83542e146d5ab8b7770fc502b42813', 29, 'Jackets', '', '0117c64a967c5ac022a4ad24e4482dfa');
INSERT INTO trends (id, trend_id, vertical_id, name, description, image_hash) VALUES (121, 'b36a5cd3fb4a789d76d59f9e3a6df33f', 29, 'Coats', '', 'd91e21abf133723218a527456c08bcae');
INSERT INTO verticals (id, vertical_id, name, geo_zone) VALUES (30, 'outerwear:female:lengths', 'Lengths', 'us');
INSERT INTO trends (id, trend_id, vertical_id, name, description, image_hash) VALUES (122, '431e6593d41db3a6a55369b6f8ec4520', 30, 'Hip Length Outerwear', '', '3aec2a3c9c27971efdc4b09e8bf1d6cf');
INSERT INTO trends (id, trend_id, vertical_id, name, description, image_hash) VALUES (123, '215f62d0dbcd78396d3a385fed4d19f0', 30, 'Mid Length Outerwear', '', 'f38500f1abe69cb1df3c8fc189d2dbad');
INSERT INTO trends (id, trend_id, vertical_id, name, description, image_hash) VALUES (124, '4a97098d4b58ea4f5fd877b1cf28d35b', 30, 'Knee-Length Outerwear', '', '90804b3318cfb5b74efb74a5107580bd');
INSERT INTO trends (id, trend_id, vertical_id, name, description, image_hash) VALUES (125, 'faedc2ca2ce208e32233c0813534e320', 30, 'Maxi-Length Outerwear', '', '31bdd676c50a8fee163d6f3695a79da1');
INSERT INTO verticals (id, vertical_id, name, geo_zone) VALUES (31, 'outerwear:female:fits', 'Fits', 'us');
INSERT INTO trends (id, trend_id, vertical_id, name, description, image_hash) VALUES (126, '27656ec8518458b320c805ab64e5abab', 31, 'Fitted Outerwear', '', '598e6beea0c339e13e7335d8c8742a3c');
INSERT INTO trends (id, trend_id, vertical_id, name, description, image_hash) VALUES (127, '10f8dba555d8204445fbf38cd054948c', 31, 'Marked Waist Fit Outerwear', '', 'fcaeed491594278cad78c6a5f2b2915d');
INSERT INTO trends (id, trend_id, vertical_id, name, description, image_hash) VALUES (128, '600b280f74803bb3aed9a051dc193816', 31, 'Straight Fit Outerwear', '', '57cb2ceb1fe0ebb1f2b47f04b593340c');
INSERT INTO trends (id, trend_id, vertical_id, name, description, image_hash) VALUES (129, 'dbe2a2e8a455812ea3279bee8f3e5938', 31, 'Oversized Outerwear', '', '678aabce9603e391d50d4b705ccc768c');
INSERT INTO verticals (id, vertical_id, name, geo_zone) VALUES (32, 'outerwear:female:sleevelengths', 'Sleeve Lengths', 'us');
INSERT INTO trends (id, trend_id, vertical_id, name, description, image_hash) VALUES (130, '909aae22e4fb5a6b8f3ab7915de338f9', 32, 'Sleeveless Outerwear', '', '03905c0014b69fca19a9052c087cd423');
INSERT INTO trends (id, trend_id, vertical_id, name, description, image_hash) VALUES (131, 'f1e36a342e31a54ec1c1baca52a8f07c', 32, 'Long Sleeve Outerwear', '', '6f10ef268ddeb7da04cb38d1d94b46c6');
INSERT INTO verticals (id, vertical_id, name, geo_zone) VALUES (33, 'outerwear:female:pocketstype', 'Pocket Types', 'us');
INSERT INTO trends (id, trend_id, vertical_id, name, description, image_hash) VALUES (132, '5c46adf988703bd0256724a351102af9', 33, 'Seam-Pocket Outerwear', '', '86b10dcf8089cd757c4b9fe0ea30cadb');
INSERT INTO trends (id, trend_id, vertical_id, name, description, image_hash) VALUES (133, 'fafd94c954c407603c06fbee963beaba', 33, 'Other Pockets Outerwear', '', 'a5fa0bf00453ee2d2ccd3a2329e35780');
INSERT INTO trends (id, trend_id, vertical_id, name, description, image_hash) VALUES (134, 'c851bdc0f990c8decf7ca20f8274d361', 33, 'Patched Pockets Outerwear', '', '7d14d9fbdf23729feb48cfcac9446fb2');
INSERT INTO trends (id, trend_id, vertical_id, name, description, image_hash) VALUES (135, 'd7624977718538c4ff41ba7d20a0f892', 33, 'Flap-Pockets Outerwear', '', '074e407f9c5adeb9e5b2a85d593cc5b9');
INSERT INTO verticals (id, vertical_id, name, geo_zone) VALUES (34, 'outerwear:female:hoodtype', 'Hood Types', 'us');
INSERT INTO trends (id, trend_id, vertical_id, name, description, image_hash) VALUES (136, 'e52467afaf4617e2cf219d5301442473', 34, 'No Hood Outerwear', '', '8d0bcbf9684604ccef1ef47f30a6f11a');
INSERT INTO trends (id, trend_id, vertical_id, name, description, image_hash) VALUES (137, '1f25f7ed2ad772c366d907e2843a0f77', 34, 'Basic Hood Outerwear', '', 'e3f99bd547ed6f2d073b3e7d90c5ebc1');
INSERT INTO trends (id, trend_id, vertical_id, name, description, image_hash) VALUES (138, '88d577ba15230acfffee88bdd3621ed7', 34, 'Fur Hood Outerwear', '', '03665f4502aef85925d980651f86e218');
INSERT INTO verticals (id, vertical_id, name, geo_zone) VALUES (35, 'outerwear:female:collars', 'Collars', 'us');
INSERT INTO trends (id, trend_id, vertical_id, name, description, image_hash) VALUES (139, '9f43a245f77151db7e8b930e43a34723', 35, 'Tailored Collar Outerwear', '', '6409f8b390b26e6a061eb4689994fbef');
INSERT INTO verticals (id, vertical_id, name, geo_zone) VALUES (36, 'outerwear:female:pockets', 'Pocket Types', 'us');
INSERT INTO trends (id, trend_id, vertical_id, name, description, image_hash) VALUES (140, 'a828ad05ab9409cc2c17c1e837687336', 36, 'Pocket Outerwear', '', '20b7f8ce294a6fee0c852751003fa7c5');
INSERT INTO verticals (id, vertical_id, name, geo_zone) VALUES (37, 'top:female:shapes', 'Shapes', 'us');
INSERT INTO trends (id, trend_id, vertical_id, name, description, image_hash) VALUES (141, 'db9a5437446d0198b60aaecd416390e2', 37, 'T-Shirts', '', 'e85c8ae071fe0ff9042561540945d75e');
INSERT INTO trends (id, trend_id, vertical_id, name, description, image_hash) VALUES (142, '83fc675ea5a6074cf8c454c21bd31078', 37, 'Shirts', '', 'be9b7543ca462cd690cb00598cb0530d');
INSERT INTO trends (id, trend_id, vertical_id, name, description, image_hash) VALUES (143, '6efc1edc66e91adf172b76eed0018000', 37, 'Blouses', '', '628c77c9ae8572d297b14caba1ff2fb0');
INSERT INTO trends (id, trend_id, vertical_id, name, description, image_hash) VALUES (144, '19fed88471ef4b32fc8ed44705a2d501', 37, 'Poloshirts', '', 'bdfcca3747076fa3bca6e97ce8457560');
INSERT INTO trends (id, trend_id, vertical_id, name, description, image_hash) VALUES (145, 'f10c04491d77fce5553385d9a5258ce2', 37, 'Cardigans', '', 'bef64695d7785386b3458e7e1b4de6b8');
INSERT INTO trends (id, trend_id, vertical_id, name, description, image_hash) VALUES (146, 'c14ae9dcc29f022372ccd73cff7a095d', 37, 'Jumpers', '', '60e0b1ac712e3a8a24f5aeaa5eddd269');
INSERT INTO trends (id, trend_id, vertical_id, name, description, image_hash) VALUES (147, '437d3fe5f4473fdd7480eb8337aa23c6', 37, 'Sweatshirts', '', '5f0dffa2377aba657e420da3a895ed9e');
INSERT INTO trends (id, trend_id, vertical_id, name, description, image_hash) VALUES (148, '109d640bb3c89c13031e5f5dae3fd58f', 37, 'Jersey Tops', '', '1cca5d62f7273c41aa386274adacc1bf');
INSERT INTO trends (id, trend_id, vertical_id, name, description, image_hash) VALUES (149, 'fa2c8c951eb1367f00df7f5dea79b287', 37, 'Other Jersey Tops', '', '1c55987ffd4896bbb1f25e14a13ff592');
INSERT INTO trends (id, trend_id, vertical_id, name, description, image_hash) VALUES (150, 'f1db2eaee882c8b918b6142d266c0847', 37, 'Knit Tops', '', '2c5be528028aba138a80569cddbaa58c');
INSERT INTO verticals (id, vertical_id, name, geo_zone) VALUES (38, 'top:female:lengths', 'Lengths', 'us');
INSERT INTO trends (id, trend_id, vertical_id, name, description, image_hash) VALUES (151, 'b25ebf23ec7c4f1dc8611aaf0e945ac5', 38, 'Cropped Tops', '', 'df1db4913307f39890b8bc749e8c9dd6');
INSERT INTO trends (id, trend_id, vertical_id, name, description, image_hash) VALUES (152, 'c46b21d3fca7684ea0855f1545842c1e', 38, 'Tucked-In Tops', '', '5d376d7abec27f242aad504f5649ab0a');
INSERT INTO trends (id, trend_id, vertical_id, name, description, image_hash) VALUES (153, 'bb33ebe32bf503015a4cf1f6bd54507f', 38, 'Regular Length Tops', '', '5ae18087e6b1ace4bc8a8f307a0c8e4a');
INSERT INTO verticals (id, vertical_id, name, geo_zone) VALUES (39, 'top:female:fits', 'Fits', 'us');
INSERT INTO trends (id, trend_id, vertical_id, name, description, image_hash) VALUES (154, '75edcdd35d4c8217b616eaa1500db452', 39, 'Fitted Tops', '', '87592bba3d36343de4270430eb264baf');
INSERT INTO trends (id, trend_id, vertical_id, name, description, image_hash) VALUES (155, 'e25abe1847d361bf18ef8fb9be78ce6a', 39, 'Regular Fit Tops', '', 'fcbb2f598512bcc3877e267b2ca235de');
INSERT INTO trends (id, trend_id, vertical_id, name, description, image_hash) VALUES (156, 'f47cd804f8d97854611b762a3bdc92d8', 39, 'Oversized Tops', '', '62a2c6710efd9b4b821a8244623da87b');
INSERT INTO verticals (id, vertical_id, name, geo_zone) VALUES (40, 'top:female:sleevelengths', 'Sleeve Lengths', 'us');
INSERT INTO trends (id, trend_id, vertical_id, name, description, image_hash) VALUES (157, '7770d4af7d87eccb508afc85749e670f', 40, 'Tube Tops', '', '1077400433dfd26342847cef392b4177');
INSERT INTO trends (id, trend_id, vertical_id, name, description, image_hash) VALUES (158, '902c09fcfee6cd6c81ffc7061079c342', 40, 'Camisole Tops', '', '22ee41c7235ef31c850b12523e802332');
INSERT INTO trends (id, trend_id, vertical_id, name, description, image_hash) VALUES (159, '53a45afb0a53c00d88a0d4c8b5639b22', 40, 'Tank Sleeve Tops', '', '9517c12af202041aa20822c9be940971');
INSERT INTO trends (id, trend_id, vertical_id, name, description, image_hash) VALUES (160, 'de80bc744fe0df41ff00dca857b1bf1f', 40, 'Big Tank Sleeve Tops', '', '34c4a03833fa4b895332798277ef6d80');
INSERT INTO trends (id, trend_id, vertical_id, name, description, image_hash) VALUES (161, '0729ef2feca2e2f8b028c73556ab8acf', 40, 'Short Sleeve Tops', '', 'efb0f9522e0a2cc48f3f4f69dc3fc83e');
INSERT INTO trends (id, trend_id, vertical_id, name, description, image_hash) VALUES (162, '4561feb029382ff21261615254239516', 40, 'Mid-Sleeve Tops', '', '32d59e58e054ddfa53c6c153d70dca13');
INSERT INTO trends (id, trend_id, vertical_id, name, description, image_hash) VALUES (163, '90844aeee377b83bc7cf19f268e8a986', 40, '3/4 Sleeve Tops', '', 'e1bf1ee024f8aecd18038c799314620d');
INSERT INTO trends (id, trend_id, vertical_id, name, description, image_hash) VALUES (164, 'bff9c885277625f169e462645c9cbc5e', 40, 'Long Sleeve Tops', '', '55ee2391b134ac425d59fd4219e5ab4c');
INSERT INTO trends (id, trend_id, vertical_id, name, description, image_hash) VALUES (165, '83c0386fc23101c910268ec4a7275b54', 40, 'Maxi Sleeve Tops', '', 'ae8dae87027e6bc200b1554e315b03ef');
INSERT INTO trends (id, trend_id, vertical_id, name, description, image_hash) VALUES (166, '1d85c866db7f59154890506f6233257a', 40, 'Other Sleeve Length Tops', '', 'a625df1e73e88a5d6abb6279fdc2ecf2');
INSERT INTO verticals (id, vertical_id, name, geo_zone) VALUES (41, 'top:female:sleevetypes', 'Sleeve Types', 'us');
INSERT INTO trends (id, trend_id, vertical_id, name, description, image_hash) VALUES (167, '139b9e4c4f4c99afaf0e48b053cccd13', 41, 'Sleeveless Tops', '', '18ee290e605cef90c348da2ad80eb347');
INSERT INTO trends (id, trend_id, vertical_id, name, description, image_hash) VALUES (168, '6dce358c65a02843ae47ccd61a9ef00f', 41, 'Gathered Sleeve Tops', '', '06fb04161352439dd479a491a56f9d95');
INSERT INTO trends (id, trend_id, vertical_id, name, description, image_hash) VALUES (169, '45a70dc572d0b55e4d86ad0c792c4621', 41, 'Basic Sleeve Tops', '', '24ee238299878b75a2950b5ae124f597');
INSERT INTO verticals (id, vertical_id, name, geo_zone) VALUES (42, 'top:female:necklines', 'Necklines', 'us');
INSERT INTO trends (id, trend_id, vertical_id, name, description, image_hash) VALUES (170, '07739993bd060d9167d52d3db00925cc', 42, 'Straight Neck Tops', '', '268ee7f972e6b316da7ec0bd88af2127');
INSERT INTO trends (id, trend_id, vertical_id, name, description, image_hash) VALUES (171, '2fc583a487b32e333125c7cc11d5234d', 42, 'Square Neck Tops', '', '3da6f7e170e2734b2f2a1c0c5616fc16');
INSERT INTO trends (id, trend_id, vertical_id, name, description, image_hash) VALUES (172, '84e471f1ad25275231abd56527a153bb', 42, 'Round-Neck Tops', '', 'a66850602c26fee4f190a659c03f5351');
INSERT INTO trends (id, trend_id, vertical_id, name, description, image_hash) VALUES (173, '90fa7d260d3c520ae6a18714098230c8', 42, 'Mock Neck Tops', '', '4c58d35572ee6df693231f7e819f80a9');
INSERT INTO trends (id, trend_id, vertical_id, name, description, image_hash) VALUES (174, '75827e95ef9f817cdc50ee97df8fbc59', 42, 'Asymmetric Neck Tops', '', 'b016a334f5affdf66ae36d60a2f59b04');
INSERT INTO trends (id, trend_id, vertical_id, name, description, image_hash) VALUES (175, '243f3a1050fbc724fd41ffb399874729', 42, 'Scoop Neck Tops', '', '9b1ba1fc925f91ca66ae4798d38e220e');
INSERT INTO trends (id, trend_id, vertical_id, name, description, image_hash) VALUES (176, '2298028ab4e30ce14898721a7ff38716', 42, 'Crew Neck Tops', '', '528bf10b8b69b601ab01ccfce542dedc');
INSERT INTO trends (id, trend_id, vertical_id, name, description, image_hash) VALUES (177, '25edf3065cec0ea9213f2d9f8ba620a3', 42, 'V-Neck Tops', '', '3280e23dcbdd4603e437447b10e67431');
INSERT INTO trends (id, trend_id, vertical_id, name, description, image_hash) VALUES (178, 'aa684268093d21d1e8391d43d4657f33', 42, 'Deep V-Neck Tops', '', 'eb40b594f25b9fa6122d0d4d54d115d6');
INSERT INTO trends (id, trend_id, vertical_id, name, description, image_hash) VALUES (179, '358226ec138a0a9b36d9ee8f26c50df9', 42, 'High-Neck Tops', '', '8a1216cbe6fde66eb1ed9cbcd3c0c7be');
INSERT INTO trends (id, trend_id, vertical_id, name, description, image_hash) VALUES (180, '8a2f13ae578df5e1ef9a074dc8c3e116', 42, 'Off-Shoulder Tops', '', 'ffef4b1f93f661ad83bd24814a4045a0');
INSERT INTO trends (id, trend_id, vertical_id, name, description, image_hash) VALUES (181, '4d1acce4d818aa3bccd5f1125c4c4579', 42, 'Turtle Neck Tops', '', '5db8d6c3dad3edc4a7cbbaad98c943dc');
INSERT INTO trends (id, trend_id, vertical_id, name, description, image_hash) VALUES (182, '7a463d5cefead9e4e00b1d6e65fbff14', 42, 'Halter Neck Tops', '', '336ae3c544c4ebb361d3fd2a32f088ec');
INSERT INTO trends (id, trend_id, vertical_id, name, description, image_hash) VALUES (183, '397e0b144ffc6c50c7681dc74ea2adeb', 42, 'Cowl Neck Tops', '', '7b99ebb69a1d72b67033bfc778903300');
INSERT INTO trends (id, trend_id, vertical_id, name, description, image_hash) VALUES (184, 'e9843992eeb460db8b2109486a088fe9', 42, 'Hoodie Tops', '', '9b2d5656b40624a55413c93c942c5fd9');
INSERT INTO trends (id, trend_id, vertical_id, name, description, image_hash) VALUES (185, '988b78823875ed46a978236c61a24847', 42, 'Other Neckline Tops', '', '483705291471c54975afdcfbadd4a8f7');
INSERT INTO trends (id, trend_id, vertical_id, name, description, image_hash) VALUES (186, 'dd0f33c28c7f77d46fc649258e91474d', 42, 'No Neckline Tops', '', '2f829ae90edacf50c4ef7b040b9fe584');
INSERT INTO verticals (id, vertical_id, name, geo_zone) VALUES (43, 'top:female:collars', 'Collars', 'us');
INSERT INTO trends (id, trend_id, vertical_id, name, description, image_hash) VALUES (187, '074a429107e9ccd5ea974cd535e9346b', 43, 'Notched Collar Tops', '', 'a88642746818295f16e88786912e07fb');
INSERT INTO trends (id, trend_id, vertical_id, name, description, image_hash) VALUES (188, '6ff666e61a382f802b62bf4468bd145f', 43, 'No Collar Tops', '', 'ab362fe66287692c2fd26bfb830ec49d');
INSERT INTO trends (id, trend_id, vertical_id, name, description, image_hash) VALUES (189, 'a3d3ff80e6b67a6296d6dbdb481f8d72', 43, 'Lavalliere-Collar Tops', '', 'f6594d1ee833a8b80de58ede6520d5eb');
INSERT INTO trends (id, trend_id, vertical_id, name, description, image_hash) VALUES (190, '2dee765eb1a12556d31eeaed421b91b0', 43, 'Classic-Collar Tops', '', '6a3d14381f16071f128b2aadbf7391c9');
INSERT INTO trends (id, trend_id, vertical_id, name, description, image_hash) VALUES (191, 'dad13cb2fbeeeea728185d25802d0f90', 43, 'Mandarin Collar Tops', '', 'c107d81d2e259d9d9457c4817ce87cfc');
INSERT INTO verticals (id, vertical_id, name, geo_zone) VALUES (44, 'top:female:closure', 'Closure Types', 'us');
INSERT INTO trends (id, trend_id, vertical_id, name, description, image_hash) VALUES (192, '7df5ca274f1f2fcdd973bbd39931411a', 44, 'Wrapped Tops', '', '6480d3a301fe131c90a34f2bbdf1d3f7');
INSERT INTO trends (id, trend_id, vertical_id, name, description, image_hash) VALUES (193, 'bf6b22dfed1eb9549408841dd95178bb', 44, 'Buttoned Tops', '', 'f84a43c2d1937d37dd0dcb969b506851');
INSERT INTO trends (id, trend_id, vertical_id, name, description, image_hash) VALUES (194, '1f44099cdddecd1f6eba28d2c1e2173b', 44, 'Fully Closed Tops', '', 'b2e40da7cc5f304b59107beae273d788');
INSERT INTO verticals (id, vertical_id, name, geo_zone) VALUES (45, 'top:female:shoulders', 'Shoulder Types', 'us');
INSERT INTO trends (id, trend_id, vertical_id, name, description, image_hash) VALUES (195, 'e7975907c9228472ab4b45fa61cc5140', 45, 'Setin Shoulders Tops', '', '1cca5d62f7273c41aa386274adacc1bf');
INSERT INTO verticals (id, vertical_id, name, geo_zone) VALUES (46, 'pants:female:shapes', 'Shapes', 'us');
INSERT INTO trends (id, trend_id, vertical_id, name, description, image_hash) VALUES (196, 'ec8612c1a141d7aa0820cbe33a97f451', 46, 'Jeans', '"Jeans" are a specific style of denim pants that include classic design elements like five pockets, rivets, a fly, and back yoke stitching. They can come in any color and a variety of fits, including "Skinny", "Flared", "Wide-Leg", "Straight", or "Bootcut".\nWhile all "Jeans" are made from denim, not all "Denim Pants" are "Jeans": "Jeans" must have the traditional construction details that define the style.\n"Denim Pants" without these characteristic features (e.g., lacking pockets or having a trouser-style cut) are not considered "Jeans", even if made from denim fabric.', '2c30a7fc70481c9c29554038cb0aac0f');
INSERT INTO trend_images (trend_id, image_type, md5_hash, description) VALUES (196, 'positive', 'c74aa315ba71900d5ecd2ac90ed9c638', 'This is Baggy Grey Jeans  fits the Jean style, even in a loose cut.');
INSERT INTO trend_images (trend_id, image_type, md5_hash, description) VALUES (196, 'positive', '1fda7610112941deb1134793ed236b1e', 'Jeans must have a back yoke and usually have back patch pockets.');
INSERT INTO trend_images (trend_id, image_type, md5_hash, description) VALUES (196, 'positive', '1ae14b3ccfd28392f2a64b96cc67b9c3', 'Jeans must include front scoop pockets, a coin pocket, and a fly (zip or button).');
INSERT INTO trend_images (trend_id, image_type, md5_hash, description) VALUES (196, 'positive', '76bae65dfebe6bb54219820f662670ef', 'These are Pink Jeans  Jeans can be any color.');
INSERT INTO trend_images (trend_id, image_type, md5_hash, description) VALUES (196, 'negative', 'cc86dfe70968d55889bd33b6be81a469', 'These are Denim Pants but not Jeans');
INSERT INTO trend_images (trend_id, image_type, md5_hash, description) VALUES (196, 'negative', '3ba18caaf4ffcd4d2e946b2f2e2403c2', 'These are made of denim but missing back yoke or patch pockets  not true Jeans.');
INSERT INTO trend_images (trend_id, image_type, md5_hash, description) VALUES (196, 'negative', '940bfb701dda2eb2a564e886372e2535', 'Has denim fabric but lacks classic Jeans construction details  not considered Jeans.');
INSERT INTO trend_images (trend_id, image_type, md5_hash, description) VALUES (196, 'negative', 'f44f6968a6e50a4c9f71aa1f56d2df65', 'These are Denim Trousers, not Jeans');
INSERT INTO trends (id, trend_id, vertical_id, name, description, image_hash) VALUES (197, 'e32d0e177ae87d97596293b657c4c628', 46, 'Sports Pants', '', '8d00deb2bf026745b68bb583d1914b6d');
INSERT INTO trends (id, trend_id, vertical_id, name, description, image_hash) VALUES (198, '85464af3ba940879fbd018aa5b7621f5', 46, 'Lifestyle Pants', '', '746a3aad76f7a7c30b69c9fb27979ae8');
INSERT INTO trends (id, trend_id, vertical_id, name, description, image_hash) VALUES (199, '2af8448d775817c2cd9f37a5e450ae8b', 46, 'Basic Pants', '', 'a2efd758e827137ccacadec7fa77b34d');
INSERT INTO verticals (id, vertical_id, name, geo_zone) VALUES (47, 'pants:female:lengths', 'Lengths', 'us');
INSERT INTO trends (id, trend_id, vertical_id, name, description, image_hash) VALUES (200, '0d2460325872a2d3fc6ad370abaa8ceb', 47, 'Below The Knee Pants', '', 'e90d0e007f70e015473ab5c65e77dfcb');
INSERT INTO trends (id, trend_id, vertical_id, name, description, image_hash) VALUES (201, '677c81a1da06e6414808171b3c595e2c', 47, 'Mid-Calf Length Pants', '', '5104ec24376ddff62eac5c111b88a4d6');
INSERT INTO trends (id, trend_id, vertical_id, name, description, image_hash) VALUES (202, '3791933989ec1a455e09788b2d841eeb', 47, 'Ankle-Length Pants', '', '95f4da31c8a6a2f71e2216e9abd72a9a');
INSERT INTO trends (id, trend_id, vertical_id, name, description, image_hash) VALUES (203, 'd40a87785e17b7eae60e83992b07c7c5', 47, 'Full-Length Pants', '', '04d6f521ee5cbd472b54c4292020f3aa');
INSERT INTO trends (id, trend_id, vertical_id, name, description, image_hash) VALUES (204, '00c5a4c6d25cb45498099a1295cfe886', 47, 'Floor-Length Pants', '', 'ad90a135f1f4b83a2750c30986f739fb');
INSERT INTO verticals (id, vertical_id, name, geo_zone) VALUES (48, 'pants:female:fits', 'Fits', 'us');
INSERT INTO trends (id, trend_id, vertical_id, name, description, image_hash) VALUES (205, 'd7e40c4477643405609107cfb61801c7', 48, 'Skinny Pants', '', '827f9f065346d8cc2c7238f8cf8838e6');
INSERT INTO trends (id, trend_id, vertical_id, name, description, image_hash) VALUES (206, '5fd987413e16d9b2c7aad25d44ba987a', 48, 'Slim Pants', '', '67256779ef9e63f87f82d11cad049332');
INSERT INTO trends (id, trend_id, vertical_id, name, description, image_hash) VALUES (207, 'bcccd59a82a3d182c5093ec0797b9527', 48, 'Straight Pants', '', 'a265348c5693be9ca32c4908d55ad0e7');
INSERT INTO trends (id, trend_id, vertical_id, name, description, image_hash) VALUES (208, 'fcb5ee3ef174555da6036982cc5362ab', 48, 'Fit and Flare Pants', '"Fit and Flare Pants" is the parent trend that includes both "Bootcut Pants" and "Bell Bottom Pants" as child trends. It refers to all pants, regardless of fabric, that are fitted through the thigh and flare out from the knee. The degree of flare varies: slight for "Bootcut", dramatic for "Bell-Bottoms". These fits differ from "Flared Pants" (which flare subtly from the crotch) and "Wide-Leg Pants" (which flare dramatically from the crotch).\nThe mood board will include all "Bootcut" and "Bell Bottom" pants, in any fabric, closure, or styling, as long as the silhouette follows these shapes.', '90009d754458a075b6ec4974403e8cb5');
INSERT INTO trend_images (trend_id, image_type, md5_hash, description) VALUES (208, 'positive', '89b27abbe8c06bddf4983cf6608e41f2', 'Bootcut Pants x Cotton Jersey fabric');
INSERT INTO trend_images (trend_id, image_type, md5_hash, description) VALUES (208, 'positive', 'cf37d2877e43080991e82573b9665589', 'Bootcut Pants x Length');
INSERT INTO trend_images (trend_id, image_type, md5_hash, description) VALUES (208, 'positive', '63033b7cdc958ff3e03fe2e266205cf8', 'Bell Bottoms Pants x Plain Leather');
INSERT INTO trend_images (trend_id, image_type, md5_hash, description) VALUES (208, 'positive', '90ea3ed639c85820f34f90467c399632', 'Bell Bottom Pants x Denim fabric');
INSERT INTO trend_images (trend_id, image_type, md5_hash, description) VALUES (208, 'negative', '361bb01d0a731e768e04dacf7f864726', 'Baggy fit');
INSERT INTO trend_images (trend_id, image_type, md5_hash, description) VALUES (208, 'negative', '5be9411fa1d13a23f348c06eceb8bb69', 'Flared fit');
INSERT INTO trend_images (trend_id, image_type, md5_hash, description) VALUES (208, 'negative', '22292659feeeb827608a583c8088d6e0', 'Wide-Leg fit');
INSERT INTO trend_images (trend_id, image_type, md5_hash, description) VALUES (208, 'negative', '153ab955999231c24ebf1971ed66e1d1', 'Straight fit');
INSERT INTO trends (id, trend_id, vertical_id, name, description, image_hash) VALUES (209, '788c35633552f7a63de934fd0ecd1bf4', 48, 'Flared Pants', '"Flared Pants" refers to all pants, regardless of fabric, that flare subtly from the crotch. This fit differs from "Wide-Leg Pants" (which flare dramatically from the crotch), "Fit & Flare" (the parent trend of "Bootcut" and "Bell Bottoms"), which includes the pants that are fitted through the thigh and flare out from the knee. The degree of flare varies: slight for "Bootcut", dramatic for "Bell-Bottoms"\nThe mood board will include all "Flared Pants", in any fabric, closure, or styling, as long as the silhouette follows this shape', '15003133b74e358e524b383d7a3415a3');
INSERT INTO trend_images (trend_id, image_type, md5_hash, description) VALUES (209, 'positive', '5be9411fa1d13a23f348c06eceb8bb69', '"Flared Jeans" are included');
INSERT INTO trend_images (trend_id, image_type, md5_hash, description) VALUES (209, 'positive', '9340024d7602d9f08ee28b878421f0e9', '"Flared Basic Pants" are included');
INSERT INTO trend_images (trend_id, image_type, md5_hash, description) VALUES (209, 'positive', '6495ec5bcf619f345b7138ec3df10c50', '"Flared Lifestyle Pants" are included');
INSERT INTO trend_images (trend_id, image_type, md5_hash, description) VALUES (209, 'positive', '610ee6ee39b552aa74e93bb668571e56', '"Printed Flared Pants" are included');
INSERT INTO trend_images (trend_id, image_type, md5_hash, description) VALUES (209, 'negative', '22292659feeeb827608a583c8088d6e0', 'Wide-Leg fit');
INSERT INTO trend_images (trend_id, image_type, md5_hash, description) VALUES (209, 'negative', '63033b7cdc958ff3e03fe2e266205cf8', 'Bell Bottom fit');
INSERT INTO trend_images (trend_id, image_type, md5_hash, description) VALUES (209, 'negative', '89b27abbe8c06bddf4983cf6608e41f2', 'Bootcut fit');
INSERT INTO trend_images (trend_id, image_type, md5_hash, description) VALUES (209, 'negative', '361bb01d0a731e768e04dacf7f864726', 'Baggy fit');
INSERT INTO trends (id, trend_id, vertical_id, name, description, image_hash) VALUES (210, '9754d2fc5f7e6783de11cd355afa9c68', 48, 'Baggy Pants', '', '6ae41e0b994bf1a814e9547afe529935');
INSERT INTO trends (id, trend_id, vertical_id, name, description, image_hash) VALUES (211, 'ee551719070ebcf86dd6607680b78e8b', 48, 'Wide-Leg Pants', '"Wide-Leg Pants" refers to all pants, regardless of fabric, that flare dramatically from the crotch. This fit differs from "Flared Pants" (which flare subtly from the crotch), "Fit & Flare" (the parent trend of "Bootcut" and "Bell Bottoms") which includes the pants that are fitted through the thigh and flare out from the knee, and "Baggy Pants", that are oversized pants with a low crotch and waist.\nThe mood board will include all "Wide-Leg Pants", in any fabric, closure, or styling, as long as the silhouette follows this shape', '277ab92afcfe5b5638b62c7ac48eac60');
INSERT INTO trend_images (trend_id, image_type, md5_hash, description) VALUES (211, 'positive', '22292659feeeb827608a583c8088d6e0', '"Wide-Leg Jeans" are included');
INSERT INTO trend_images (trend_id, image_type, md5_hash, description) VALUES (211, 'positive', '3a87c8b1c3bf046535f5f20a7515029a', '"Wide Leg Basic Pants" are included');
INSERT INTO trend_images (trend_id, image_type, md5_hash, description) VALUES (211, 'positive', '324d88336f528ec0a7d84f27ac20f74d', '"Wide-Leg Lifestyle Pants" are included');
INSERT INTO trend_images (trend_id, image_type, md5_hash, description) VALUES (211, 'positive', '55cb58052f628c9766fa6684a1279b42', '"Wide-Leg Tailored Pants" are included');
INSERT INTO trend_images (trend_id, image_type, md5_hash, description) VALUES (211, 'negative', '5be9411fa1d13a23f348c06eceb8bb69', 'Flared fit');
INSERT INTO trend_images (trend_id, image_type, md5_hash, description) VALUES (211, 'negative', '90ea3ed639c85820f34f90467c399632', 'Bell Bottom fit');
INSERT INTO trend_images (trend_id, image_type, md5_hash, description) VALUES (211, 'negative', '89b27abbe8c06bddf4983cf6608e41f2', 'Bootcut fit');
INSERT INTO trend_images (trend_id, image_type, md5_hash, description) VALUES (211, 'negative', '361bb01d0a731e768e04dacf7f864726', 'Baggy fit');
INSERT INTO trends (id, trend_id, vertical_id, name, description, image_hash) VALUES (212, '408958aadb8c7d3748dcc9779327e4e8', 48, 'Other Fit Pants', '', '68582b69d9ae48f941431335abf2c958');
INSERT INTO verticals (id, vertical_id, name, geo_zone) VALUES (49, 'pants:female:pockets', 'Pockets', 'us');
INSERT INTO trends (id, trend_id, vertical_id, name, description, image_hash) VALUES (213, '96a65d0a9901b6b65d0646f05f6e1c98', 49, 'Patch Pockets Pants', '', '18ede4325a64a0689fceb7546e4b5c4a');
INSERT INTO trends (id, trend_id, vertical_id, name, description, image_hash) VALUES (214, 'a2f176a787c2df1f11cf579a4fbe4b53', 49, 'Other Pockets Pants', '', 'f04089e3c6e0616222b78e653897e008');
INSERT INTO trends (id, trend_id, vertical_id, name, description, image_hash) VALUES (215, 'fe93bd6e2c65b146b6c80577b758c7ef', 49, 'Cargo Pockets Pants', '', 'c1b6fa2f0ac4bd42368990ac6410a424');
INSERT INTO trends (id, trend_id, vertical_id, name, description, image_hash) VALUES (216, '604419cd7eab72976ca8db26ae363963', 49, 'Slit Pockets Pants', '', '50b880f6a8544fac4d7e1eb9e6617ef4');
INSERT INTO trends (id, trend_id, vertical_id, name, description, image_hash) VALUES (217, '633ad624e14e82455988e37cd63360bc', 49, 'No Pockets Pants', '', '55c1101eadd8c86d8533a62879b3b12a');
INSERT INTO trends (id, trend_id, vertical_id, name, description, image_hash) VALUES (218, 'c8d7952e0e7d4f725dc0bfad63b7be56', 49, 'Flap-Pockets Pants', '', 'bd1b1f9d82b79e2136515b6d60816a1c');
INSERT INTO trends (id, trend_id, vertical_id, name, description, image_hash) VALUES (219, 'c6cdc30d7bcef6f0a3785073afb3332f', 49, 'Pocket Pants', '', 'd2d9c7416a647b75e0d6a9034c21e708');
INSERT INTO verticals (id, vertical_id, name, geo_zone) VALUES (50, 'pants:female:stitchingdetails', 'Stitching', 'us');
INSERT INTO trends (id, trend_id, vertical_id, name, description, image_hash) VALUES (220, 'bba9f6282081cdc019bf66cd6d5d7997', 50, 'No Stitching Details Pants', '', '126d973a654576e479506a6dcee5c349');
INSERT INTO trends (id, trend_id, vertical_id, name, description, image_hash) VALUES (221, 'c4eb433e4b539e9d602dcfd195d76229', 50, 'Top Stitching Pants', '', '19696fcc944c06ae071ad6ede7f53ad0');
INSERT INTO trends (id, trend_id, vertical_id, name, description, image_hash) VALUES (222, '280cda34a1bb4fee1a2e8373514af6e8', 50, 'Pleated Pants', '', '8c061ac249933a9ed9bcd8603674c1aa');
INSERT INTO verticals (id, vertical_id, name, geo_zone) VALUES (51, 'pants:female:waistline', 'Waistlines', 'us');
INSERT INTO trends (id, trend_id, vertical_id, name, description, image_hash) VALUES (223, '8f2e24558f081c8003544588e1c12dd3', 51, 'High Waist Pants', '', 'b2efd9e11d616324ba473a2896a17a29');
INSERT INTO trends (id, trend_id, vertical_id, name, description, image_hash) VALUES (224, 'c1025ad8c67cec46c6665dd84c9a07f7', 51, 'Normal Waist Pants', '', 'b1b74e3604766d6ba5853bf88912b61c');
INSERT INTO trends (id, trend_id, vertical_id, name, description, image_hash) VALUES (225, '42563c30fb8d0bec9434b1266270e431', 51, 'Low Waist Pants', '', '201cf77f7a32338526a6e7b59679b55d');
INSERT INTO verticals (id, vertical_id, name, geo_zone) VALUES (52, 'pants:female:waistattributes', 'Waist Styles', 'us');
INSERT INTO trends (id, trend_id, vertical_id, name, description, image_hash) VALUES (226, 'eda1b545ea79086e83695d4223c1fe88', 52, 'Flat Elastic Waist Pants', '', '938be4029af4ab05e71c7e443e312031');
INSERT INTO trends (id, trend_id, vertical_id, name, description, image_hash) VALUES (227, 'bc3832ec89df95551d5e255c72e2380e', 52, 'Drawstring Waist Pants', '', '209d1bb51edde95e773bd9d548247874');
INSERT INTO trends (id, trend_id, vertical_id, name, description, image_hash) VALUES (228, 'f5919425e4e52decc2e23e04683a3c06', 52, 'Classic Waist Pants', '', 'b2db99ce945c9aaf2d21c27309cd6ee8');
INSERT INTO trends (id, trend_id, vertical_id, name, description, image_hash) VALUES (229, '55a170d6dbdb41923af52e050056a120', 52, 'Elastic-Waist Pants', '', '59e9640341d0aae300f9459a8f1c2ab0');
INSERT INTO verticals (id, vertical_id, name, geo_zone) VALUES (53, 'pants:female:waistaccessories', 'Waist Accessories', 'us');
INSERT INTO trends (id, trend_id, vertical_id, name, description, image_hash) VALUES (230, 'e5d0ce050fd136c4e739c669c2aa0a93', 53, 'Non-Accessorized Pants', '', '36d83f121d243bf2f3dab234624ebac9');
INSERT INTO trends (id, trend_id, vertical_id, name, description, image_hash) VALUES (231, 'b1f7eef2c0fe448b473b4cb7caf20988', 53, 'Buckle-Belt Pants', '', '2af4e3e4bd4e89b9f0f84bb8252f6d8e');
INSERT INTO trends (id, trend_id, vertical_id, name, description, image_hash) VALUES (232, '56c9ec6f056646135302c04a9658a63b', 53, 'Scarf Belt Pants', '', '5e60e9eb2266665cb12cb597e470decb');
INSERT INTO verticals (id, vertical_id, name, geo_zone) VALUES (54, 'pants:female:embellishments', 'Embellishments', 'us');
INSERT INTO trends (id, trend_id, vertical_id, name, description, image_hash) VALUES (233, '7fd1867b164b7f31572f4861a7f4f16a', 54, 'Metallic Studs Detailed Pants', '', '8d67c2cbfb3defb13c36afb97a6d7540');
INSERT INTO trends (id, trend_id, vertical_id, name, description, image_hash) VALUES (234, '88472a4757939d3055c52c168c44947c', 54, 'Waist Pleating Detailed Pants', '', '8e7a000deeca054f272fb78fb5f08654');
INSERT INTO trends (id, trend_id, vertical_id, name, description, image_hash) VALUES (235, '94e364ab77d7e8ee0e9039c2fae72650', 54, 'Unembellished Pants', '', 'e34e1086f6bcbd51628e030861aebae8');
INSERT INTO trends (id, trend_id, vertical_id, name, description, image_hash) VALUES (236, '03d381092ba37d029a6191115b0a7133', 54, 'Front Crease Detailed Pants', '', 'e57e2e22495263f0c4a24f44b3d38fcf');
INSERT INTO trends (id, trend_id, vertical_id, name, description, image_hash) VALUES (237, '321fe2eaa14a0d2f01244926e8807bc6', 54, 'Ripped Pants', '', '96050af2fe35ebb3e204373bb3f5e2e4');
INSERT INTO trends (id, trend_id, vertical_id, name, description, image_hash) VALUES (238, '5b7ad488c25a65fcb25bc0c1da62aa35', 54, 'Mesh Inserts Pants', '', '512271028bafcf487a1a7c59a71048ed');
INSERT INTO verticals (id, vertical_id, name, geo_zone) VALUES (55, 'pants:female:waistopeningtype', 'Opening Types', 'us');
INSERT INTO trends (id, trend_id, vertical_id, name, description, image_hash) VALUES (239, '46ff14ec881f1fba0635d7661ce0c3e0', 55, 'No Opening Pants', '', 'fd8bec02db46b75848638b1fb1f8687c');
INSERT INTO trends (id, trend_id, vertical_id, name, description, image_hash) VALUES (240, '1e1b6e66e41791d66edd0735764aed33', 55, 'Regular Fly Pants', '', '6e2234b5f11461fc759c8328a67301f8');
INSERT INTO verticals (id, vertical_id, name, geo_zone) VALUES (56, 'pants:female:waistopeningsplacement', 'Opening Placements', 'us');
INSERT INTO trends (id, trend_id, vertical_id, name, description, image_hash) VALUES (241, 'ee0ac8fca14f0699475f076083c02673', 56, 'Middle Opening Pants', '', '5116fb4f170d2220ac7a873dcce23cb9');
INSERT INTO verticals (id, vertical_id, name, geo_zone) VALUES (57, 'pants:female:hemfinish', 'Hem Finishes', 'us');
INSERT INTO trends (id, trend_id, vertical_id, name, description, image_hash) VALUES (242, 'fdcc8e317f36c45388ae63fea882ba90', 57, 'Elasticated Hem Pants', '', 'e9537b003315bfa93990582f20c5f759');
INSERT INTO trends (id, trend_id, vertical_id, name, description, image_hash) VALUES (243, '3e490c8847de4867938db0e6629877ae', 57, 'Thick Rolled-Up Hem Pants', '', 'af50b2050c23f0d41ecf3e10b939be3b');
INSERT INTO trends (id, trend_id, vertical_id, name, description, image_hash) VALUES (244, 'a365f0a31459787b9f18a73b3ff4c23f', 57, 'Thin Rolled-Up Hem Pants', '', '5da75195b0c553432d03c7e81ae7056b');
INSERT INTO trends (id, trend_id, vertical_id, name, description, image_hash) VALUES (245, '995bd730b0a644c118cddfb1bedc1480', 57, 'Frayed Hem Pants', '', '7804c7694a21c2203821df87caa18a71');
INSERT INTO trends (id, trend_id, vertical_id, name, description, image_hash) VALUES (246, 'ee04e2b5792c94e3b174a87b52f01127', 57, 'Slitted Hem Pants', '', '80d2e7ba8f501a31fc4d521f60f9af9e');
INSERT INTO trends (id, trend_id, vertical_id, name, description, image_hash) VALUES (247, '795f0878df158f787cf1c2dedb625c06', 57, 'Classic Hem Pants', '', '8e05df6f0cf074423891fcee718cfddc');
INSERT INTO trends (id, trend_id, vertical_id, name, description, image_hash) VALUES (248, 'b456997d05e15ef7ac1483523a4a0977', 57, 'Ribbed Hem Pants', '', '858cb42fb51f668feb5261922e1d475a');
INSERT INTO verticals (id, vertical_id, name, geo_zone) VALUES (58, 'pants:female:rolleduphems', 'Rolled Hem Types', 'us');
INSERT INTO trends (id, trend_id, vertical_id, name, description, image_hash) VALUES (249, '36ab7e1d2f6a3da9dd80cac36e572144', 58, 'Rolled-Up Hem Pants', '', '384f45961c82e404c6b294e4a016b4f1');
INSERT INTO verticals (id, vertical_id, name, geo_zone) VALUES (59, 'shorts:female:shapes', 'Shapes', 'us');
INSERT INTO trends (id, trend_id, vertical_id, name, description, image_hash) VALUES (250, '1194d6d77dca4b5754dd823f4b96defd', 59, 'Regular Shorts', '', 'e5b5a296554600f74b195535108faeb4');
INSERT INTO trends (id, trend_id, vertical_id, name, description, image_hash) VALUES (251, '02e643a7e24bae65879e5ee592e34f74', 59, 'Sports Shorts', '', 'a9cd6666b54101fc1c69becd0bb1d695');
INSERT INTO trends (id, trend_id, vertical_id, name, description, image_hash) VALUES (252, 'd2ba68d9d191656ff9d92ea935996d26', 59, 'Jorts', '', '94ee47963444c1272750788c94f52666');
INSERT INTO verticals (id, vertical_id, name, geo_zone) VALUES (60, 'shorts:female:lengths', 'Lengths', 'us');
INSERT INTO trends (id, trend_id, vertical_id, name, description, image_hash) VALUES (253, 'ae1a0209087143e0b20755bdf0b49e8e', 60, 'Micro Length Shorts', '', '146913e3a94490aaf15ace141d3be3d3');
INSERT INTO trends (id, trend_id, vertical_id, name, description, image_hash) VALUES (254, '4819485843f45f21322b2d57bf877864', 60, 'Above The Knee Shorts', '', '398d8fb7d17c25be0781199e3253ee8a');
INSERT INTO verticals (id, vertical_id, name, geo_zone) VALUES (61, 'shorts:female:fits', 'Fits', 'us');
INSERT INTO trends (id, trend_id, vertical_id, name, description, image_hash) VALUES (255, '4e9d1070f2fab21f21de13a4bbf231ef', 61, 'Skinny Shorts', '', '1d6169839d0a0a2b48f1015baee08810');
INSERT INTO trends (id, trend_id, vertical_id, name, description, image_hash) VALUES (256, 'f46044323df9afba6558960e342619a0', 61, 'Slim Shorts', '', '5dd1dcfbfdbd0722d748f713fbaebaaf');
INSERT INTO trends (id, trend_id, vertical_id, name, description, image_hash) VALUES (257, '1925ab71cb4c0604c2768b05cf204a60', 61, 'Straight Shorts', '', '8187b65e38681e44d4d71eed213cb6d2');
INSERT INTO trends (id, trend_id, vertical_id, name, description, image_hash) VALUES (258, '1fd8917df7d0a407c3c91fefc6c4696f', 61, 'Wide-Leg Shorts', '', '2146b3b63060342d7a18cc582e7dafdc');
INSERT INTO verticals (id, vertical_id, name, geo_zone) VALUES (62, 'shorts:female:pockets', 'Pockets', 'us');
INSERT INTO trends (id, trend_id, vertical_id, name, description, image_hash) VALUES (259, 'e4cbb874ab798e2b8c99b66355efb677', 62, 'Other Pockets Shorts', '', '8c355044d21d713e92f46d5da00680b2');
INSERT INTO trends (id, trend_id, vertical_id, name, description, image_hash) VALUES (260, '41aedcb2435c9c50923a2378e1225935', 62, 'No Pockets Shorts', '', 'c81d476b559ede279acc30a053cc7d55');
INSERT INTO trends (id, trend_id, vertical_id, name, description, image_hash) VALUES (261, 'e9c6dcdc0afc8b277165b63c1fc45365', 62, 'Patch Pockets Shorts', '', '1b5c06d1b345a45f304ffa5c7f9f248d');
INSERT INTO verticals (id, vertical_id, name, geo_zone) VALUES (63, 'shorts:female:embellishments', 'Embellishments', 'us');
INSERT INTO trends (id, trend_id, vertical_id, name, description, image_hash) VALUES (262, 'f7016199d0256bf3283d4eded8f52780', 63, 'Metallic Studs Detailed Shorts', '', 'c084075ae4fe18d4518666de1fb6b8e8');
INSERT INTO trends (id, trend_id, vertical_id, name, description, image_hash) VALUES (263, 'a31b12e3b907bc85530ab271ce0d0d5d', 63, 'Waist Pleating Detailed Shorts', '', '6d643bdc732f55c6f18a32e16be426bb');
INSERT INTO trends (id, trend_id, vertical_id, name, description, image_hash) VALUES (264, 'cfbcae5015993e188ab3ba82e348b7d4', 63, 'Unembellished Shorts', '', '2c146140eeff2effbe7ac7ab82ff8d9e');
INSERT INTO trends (id, trend_id, vertical_id, name, description, image_hash) VALUES (265, 'c53356619d75f8f58a913211fe47fa05', 63, 'Ripped Shorts', '', 'f67600caccedd0b39ebcb98f350f0b12');
INSERT INTO verticals (id, vertical_id, name, geo_zone) VALUES (64, 'shorts:female:waistline', 'Waistlines', 'us');
INSERT INTO trends (id, trend_id, vertical_id, name, description, image_hash) VALUES (266, '7b655e201997d90df0200ce6585a347d', 64, 'Normal Waist Shorts', '', 'c812636c1dc46f26650f4ee4bed66dfc');
INSERT INTO trends (id, trend_id, vertical_id, name, description, image_hash) VALUES (267, 'a051140f556c83a3b168f8629819fd21', 64, 'Low Waist Shorts', '', 'ce51d7e03cf066f34dc29492b03ae866');
INSERT INTO trends (id, trend_id, vertical_id, name, description, image_hash) VALUES (268, '8cc13d149271a06b3891857eff6ffa93', 64, 'High Waist Shorts', '', 'ba81110844644d134f7720a3c034c46a');
INSERT INTO verticals (id, vertical_id, name, geo_zone) VALUES (65, 'shorts:female:waistattributes', 'Waist Attributes', 'us');
INSERT INTO trends (id, trend_id, vertical_id, name, description, image_hash) VALUES (269, 'cbeda4468a2bf6c2a33f08a1f81beea8', 65, 'Elastic-Waist Shorts', '', '980c8beeb70092ff06679435b90f392f');
INSERT INTO trends (id, trend_id, vertical_id, name, description, image_hash) VALUES (270, '5401e88f3160416d44e51ef6dd7cded7', 65, 'Drawstring Waist Shorts', '', '93efde67cdde066c47b2ea5c010faa1c');
INSERT INTO trends (id, trend_id, vertical_id, name, description, image_hash) VALUES (271, '4e33002b801657c06d8bb542930b5129', 65, 'Flat Elastic Waist Shorts', '', '026bf03cca811ffd12c66ce79a87344a');
INSERT INTO trends (id, trend_id, vertical_id, name, description, image_hash) VALUES (272, '4cba1ccb96777b60134e4bcdae6bd8e9', 65, 'Classic Waist Shorts', '', '5b787e9c849231ff5ce168df00e74051');
INSERT INTO verticals (id, vertical_id, name, geo_zone) VALUES (66, 'shorts:female:waistaccessories', 'Waist Accessories', 'us');
INSERT INTO trends (id, trend_id, vertical_id, name, description, image_hash) VALUES (273, 'bde291aa40123913be19d377f2a73f25', 66, 'Non-Accessorized Shorts', '', 'e9e367b4ebcce3897fc561ef7f7c8c54');
INSERT INTO trends (id, trend_id, vertical_id, name, description, image_hash) VALUES (274, 'e4540c4368a24c2a52d10069637328d5', 66, 'Buckle-Belt Shorts', '', 'a6769ab71695b4ea6b99bb3255284806');
INSERT INTO verticals (id, vertical_id, name, geo_zone) VALUES (67, 'shorts:female:hemfinish', 'Hem Finishes', 'us');
INSERT INTO trends (id, trend_id, vertical_id, name, description, image_hash) VALUES (275, 'e24437f8a0cc4c61defc85379328d78e', 67, 'Thin Rolled-Up Hem Shorts', '', 'ad0213ff35134c93a26f73b2c014e28a');
INSERT INTO trends (id, trend_id, vertical_id, name, description, image_hash) VALUES (276, 'acb788f2cbfa4136b7d3bcf75f7af4f0', 67, 'Frayed Hem Shorts', '', '7b7c85f3d90497ac2494e171301638d1');
INSERT INTO trends (id, trend_id, vertical_id, name, description, image_hash) VALUES (277, 'eb32714ba23ee4b1209a0a5143222af7', 67, 'Classic Hem Shorts', '', '5aff943d373da91a1572cfee96c942b3');
INSERT INTO trends (id, trend_id, vertical_id, name, description, image_hash) VALUES (278, '50725cc9be495fbd659812edb51d9290', 67, 'Slitted Hem Shorts', '', '95dd51f23af75db4f37786ee093d87c3');
INSERT INTO verticals (id, vertical_id, name, geo_zone) VALUES (68, 'skirt:female:shapes', 'Shapes', 'us');
INSERT INTO trends (id, trend_id, vertical_id, name, description, image_hash) VALUES (279, 'fe53f695b82cc09e00e66474342f2a12', 68, 'Trapeze Skirts', '', 'd84c737b15f404a7e67e05113cd2f436');
INSERT INTO trends (id, trend_id, vertical_id, name, description, image_hash) VALUES (280, '92e0d291270a05fa509057c02fd1f0d8', 68, 'Fluid Skirts', '', '92cccb56ac0915b9c0bc1ba7f16bc5ef');
INSERT INTO trends (id, trend_id, vertical_id, name, description, image_hash) VALUES (281, '230766f01209d8687dbcae2434334a6f', 68, 'Tube Skirts', '', '7498eb0785cda2d699947d4b2ff127ff');
INSERT INTO trends (id, trend_id, vertical_id, name, description, image_hash) VALUES (282, '2051bc5fedf23d4adf5f68fbe490778e', 68, 'Regular Volume Skirts', '', '169eba1e0ea42d5f1fc4c0b6f69c7e6f');
INSERT INTO verticals (id, vertical_id, name, geo_zone) VALUES (69, 'skirt:female:lengths', 'Lengths', 'us');
INSERT INTO trends (id, trend_id, vertical_id, name, description, image_hash) VALUES (283, '898a154e28195fdf92e5655feb25a1bc', 69, 'Short Skirts', '', '5d458e23350701ab94e9b8a73e7720c9');
INSERT INTO trends (id, trend_id, vertical_id, name, description, image_hash) VALUES (284, '39cf3439695323fdf5ab9013025800eb', 69, 'Midi Skirts', '', '635112c8a73f0d383bfc054c80406ad1');
INSERT INTO trends (id, trend_id, vertical_id, name, description, image_hash) VALUES (285, '58145a0f7f93e766b13a6a0031f41825', 69, 'Maxi Skirts', '', '4ba47e0c593db43f398c8fb499543cfc');
INSERT INTO verticals (id, vertical_id, name, geo_zone) VALUES (70, 'skirt:female:asymmetricalattribute', 'Asymmetry', 'us');
INSERT INTO trends (id, trend_id, vertical_id, name, description, image_hash) VALUES (286, '53a9ca6cfe82b624e8cb4c95de1d98d6', 70, 'Asymmetrical Skirts', '', '8f41653c95c666f2229e34f4c6b106cf');
INSERT INTO trends (id, trend_id, vertical_id, name, description, image_hash) VALUES (287, 'db2eef06e6bca1e0fdc51fa01c1f1d8d', 70, 'No Asymmetry Skirts', '', 'ee3f34bd6f3d88b15ee3f52597fb6930');
INSERT INTO verticals (id, vertical_id, name, geo_zone) VALUES (71, 'skirt:female:pleatedattribute', 'Pleats', 'us');
INSERT INTO trends (id, trend_id, vertical_id, name, description, image_hash) VALUES (288, '680d863825960be76dad70b67b9dcb0e', 71, 'No Pleats Skirts', '', '600900b349bdc71f3bb83092c6f286ca');
INSERT INTO trends (id, trend_id, vertical_id, name, description, image_hash) VALUES (289, 'abb54e110fe27dac950bb2227e8b73ad', 71, 'Pleated Skirts', '', '4704404f334a3522bee55929207f23ad');
INSERT INTO verticals (id, vertical_id, name, geo_zone) VALUES (72, 'skirt:female:ruffledattribute', 'Ruffles', 'us');
INSERT INTO trends (id, trend_id, vertical_id, name, description, image_hash) VALUES (290, '999b0672828392dc585fda6f6e5087ce', 72, 'Ruffled Skirts', '', '6515c4b8f31a6b7fc2548bf7c75d8eed');
INSERT INTO trends (id, trend_id, vertical_id, name, description, image_hash) VALUES (291, 'bb0c8f01228b5ffb78a77f7d3b138907', 72, 'No Ruffle Skirts', '', '4fe1f022dee833911469ed34d610e059');
INSERT INTO verticals (id, vertical_id, name, geo_zone) VALUES (73, 'skirt:female:wrappedattribute', 'Wrap', 'us');
INSERT INTO trends (id, trend_id, vertical_id, name, description, image_hash) VALUES (292, '65065120b02df0731b8eb5538d5a56db', 73, 'No Wrap Skirts', '', '451ec6b4ec960a0ca49a93cc4fa97cda');
INSERT INTO trends (id, trend_id, vertical_id, name, description, image_hash) VALUES (293, '1cfc425cfe0d6ab2bf726bbe9315997e', 73, 'Wrapped Skirts', '', 'e64dea11bf1530f1cbeb0b71d7cd4c0a');
INSERT INTO verticals (id, vertical_id, name, geo_zone) VALUES (74, 'skirt:female:splittedattribute', 'Slit', 'us');
INSERT INTO trends (id, trend_id, vertical_id, name, description, image_hash) VALUES (294, '1ede14ea075b5ce640154dd0e3ac2a0d', 74, 'Slitted Skirts', '', '5b816bf455f6eab9871b0eef36b1b3a3');
INSERT INTO trends (id, trend_id, vertical_id, name, description, image_hash) VALUES (295, '42db21d94bc9146f105d312a0a1d4f01', 74, 'No Slit Skirts', '', '585d17c0c6e7faa6fa229dfcde047861');
INSERT INTO verticals (id, vertical_id, name, geo_zone) VALUES (75, 'skirt:female:subwaistattribute', 'Waist Visibility', 'us');
INSERT INTO trends (id, trend_id, vertical_id, name, description, image_hash) VALUES (296, '8ce6d35ade477d9b01dfc3cdb2c050bb', 75, 'Visible Waist Attributes Skirts', '', 'cd2025977e86d73d9076ebe02a91659a');
INSERT INTO trends (id, trend_id, vertical_id, name, description, image_hash) VALUES (297, '37d406ae18822f23c2c081e26561712e', 75, 'Classic Waist Skirts', '', 'f38ce4d23aca51e821fdb6eccaf0dccf');
INSERT INTO verticals (id, vertical_id, name, geo_zone) VALUES (76, 'skirt:female:waistline', 'Waistlines', 'us');
INSERT INTO trends (id, trend_id, vertical_id, name, description, image_hash) VALUES (298, '98f5015549b6713c159330e3f05f5d7f', 76, 'Low Waist Skirts', '', '7c2ac86647da9aac32ba8d7d4b887d68');
INSERT INTO trends (id, trend_id, vertical_id, name, description, image_hash) VALUES (299, '1c41db868d908a692f8bde4e84076a04', 76, 'High-Waisted Skirts', '', '914a1ded7be15f76c4bc091ca092087e');
INSERT INTO trends (id, trend_id, vertical_id, name, description, image_hash) VALUES (300, '4beec773a22ddc06f63254508844e154', 76, 'Mid-Waisted Skirts', '', '94f5355fd47c0c6bca7e557d5c21530e');
INSERT INTO verticals (id, vertical_id, name, geo_zone) VALUES (77, 'skirt:female:buttonline', 'Buttons', 'us');
INSERT INTO trends (id, trend_id, vertical_id, name, description, image_hash) VALUES (301, '13b5e65df015bf78d4f263c9b6da15aa', 77, 'No Button Line Skirts', '', '1143c25a3002220dd80aad1710cde703');
INSERT INTO trends (id, trend_id, vertical_id, name, description, image_hash) VALUES (302, '1229c56d86c296e6391e2154fe5009fd', 77, 'Button Line Skirts', '', 'cbb65a0f6189217249181b8f540c684c');
INSERT INTO verticals (id, vertical_id, name, geo_zone) VALUES (78, 'skirt:female:closure', 'Closure', 'us');
INSERT INTO trends (id, trend_id, vertical_id, name, description, image_hash) VALUES (303, 'd09b8293458af30b0c264d310b210c34', 78, 'Skirts Without Closure', '', 'b1433b03902ac576c5c0244243b84210');
INSERT INTO trends (id, trend_id, vertical_id, name, description, image_hash) VALUES (304, 'aa559a0e3062308f1ab265fc465c388c', 78, 'Visible Closure Skirts', '', 'fe16f2a875038c1bffb87fe25ee4f27e');
INSERT INTO verticals (id, vertical_id, name, geo_zone) VALUES (79, 'skirt:female:pocketattribute', 'Pockets', 'us');
INSERT INTO trends (id, trend_id, vertical_id, name, description, image_hash) VALUES (305, '9bf94d46c3f5eafae0351dd5e9aaefd3', 79, 'Pockets Skirts', '', '4806188514643d69578f277d0537ce4c');
INSERT INTO trends (id, trend_id, vertical_id, name, description, image_hash) VALUES (306, '74a4d31c97cbdd09cf6ecbf8656b0423', 79, 'Skirts Without Pocket', '', 'b830c1261471eb80045a8457eb2cc435');
INSERT INTO verticals (id, vertical_id, name, geo_zone) VALUES (80, 'skirt:female:otherattribute', 'Other Details', 'us');
INSERT INTO trends (id, trend_id, vertical_id, name, description, image_hash) VALUES (307, '9f9fe0d9d8b8b8add2bc912e813c5148', 80, 'Gathered Skirts', '', 'a05614554a0cce408eb06f16f171bea4');
INSERT INTO trends (id, trend_id, vertical_id, name, description, image_hash) VALUES (308, 'b4d993ed673aae26454cb47da4406b36', 80, 'Tiered Gathers Skirts', '', '550cc56bfdef3ab61abe1cc02c64be54');
INSERT INTO verticals (id, vertical_id, name, geo_zone) VALUES (81, 'dress:female:shapes', 'Shapes', 'us');
INSERT INTO trends (id, trend_id, vertical_id, name, description, image_hash) VALUES (309, '307db56efe90a5627738273f2f31e052', 81, 'A Line Dresses', '', '46bd92619fd187c799b7f03526670d91');
INSERT INTO trends (id, trend_id, vertical_id, name, description, image_hash) VALUES (310, '15067b0c2117cd196e7dae383d1fb651', 81, 'Bodycon Dresses', '', '054f62dce1818142ab56212309aa39df');
INSERT INTO trends (id, trend_id, vertical_id, name, description, image_hash) VALUES (311, '90eeaf8f408d6b11e870263c6168af71', 81, 'Empire Dresses', '', '0e63169d23dede980756823b2e05bcdd');
INSERT INTO trends (id, trend_id, vertical_id, name, description, image_hash) VALUES (312, 'cba7d1a282f81a69db0b82d443c22db4', 81, 'Tent Dresses', '', 'eb0ef900c37aea65095337b8a5bd0049');
INSERT INTO trends (id, trend_id, vertical_id, name, description, image_hash) VALUES (313, 'f5295a92c81238845eaf1f431575db95', 81, 'Shift Dresses', '', '6a20e6f9c2fd42e069e1e1a059966504');
INSERT INTO trends (id, trend_id, vertical_id, name, description, image_hash) VALUES (314, 'c4ab223d08d8611381b3799e7b2b41b5', 81, 'Other Dress Shape Dresses', '', '309252f4d0d2945ce319a745e02f6fb9');
INSERT INTO verticals (id, vertical_id, name, geo_zone) VALUES (82, 'dress:female:lengths', 'Lengths', 'us');
INSERT INTO trends (id, trend_id, vertical_id, name, description, image_hash) VALUES (315, 'b8abcbcc3f98960dc8cea831b9834b9b', 82, 'Short Dresses', '', '152c92850ee74ecd848b73f6fcedc19f');
INSERT INTO trends (id, trend_id, vertical_id, name, description, image_hash) VALUES (316, '3fb4e031af4746284308fd27d8921e45', 82, 'Midi Dresses', '', '6b26a3870f5452b40c64f8d85dd590aa');
INSERT INTO trends (id, trend_id, vertical_id, name, description, image_hash) VALUES (317, '297ce82ccd6c19b70046b5018f4792ff', 82, 'Maxi Dresses', '', 'c715946b50bd3836e0c24e774aa7296b');
INSERT INTO verticals (id, vertical_id, name, geo_zone) VALUES (83, 'dress:female:sleevelengths', 'Sleeve Lengths', 'us');
INSERT INTO trends (id, trend_id, vertical_id, name, description, image_hash) VALUES (318, 'bd40badf5bca1a3804c1274a968d431b', 83, 'Big Tank Sleeve Dresses', '', '0c0da4b2736016851d9423fd543c83ab');
INSERT INTO trends (id, trend_id, vertical_id, name, description, image_hash) VALUES (319, '512efdb09e08e790e5408bd158f7978e', 83, 'Mid-Sleeve Dresses', '', 'bac5f492679588510090be42a57dd96f');
INSERT INTO trends (id, trend_id, vertical_id, name, description, image_hash) VALUES (320, 'f10bf9b8f484956eee4c84c6d96521c9', 83, 'Long Sleeve Dresses', '', 'fc1befad75c9181f76cf3a8de522896e');
INSERT INTO trends (id, trend_id, vertical_id, name, description, image_hash) VALUES (321, 'd2253e6db429c4dfe5707d8c9d356722', 83, 'Tank Sleeve Dresses', '', 'a5b31595cd48d1cbdbf10740c4ffc9a1');
INSERT INTO trends (id, trend_id, vertical_id, name, description, image_hash) VALUES (322, 'e7da3572db5c23b865cb0c6f7ac39d98', 83, 'Spaghetti-Straps Dresses', '', '520d620c34fcfcdc8dee9bdbaac76664');
INSERT INTO trends (id, trend_id, vertical_id, name, description, image_hash) VALUES (323, '42bc134da3c5772603421ea3deb0abaf', 83, '3/4 Sleeve Dresses', '', '4b8f756144ac7562f6aa4d5dc26603d0');
INSERT INTO trends (id, trend_id, vertical_id, name, description, image_hash) VALUES (324, '7ef071cc01392f49335fce149db865bc', 83, 'Short Sleeve Dresses', '', '89300134f2c390a1d92983e2036259f9');
INSERT INTO trends (id, trend_id, vertical_id, name, description, image_hash) VALUES (325, '5d3fadef0a63ad526a0eb18c130275f6', 83, 'Strapless Dresses', '', '5b02a545c4e25487760f84cc82e22393');
INSERT INTO trends (id, trend_id, vertical_id, name, description, image_hash) VALUES (326, 'ad23a7aa1d98dca55279dfe2a4d93d19', 83, 'Maxi Sleeve Dresses', '', '766b888d59249fdb640fb9391af1572c');
INSERT INTO verticals (id, vertical_id, name, geo_zone) VALUES (84, 'dress:female:sleevetypes', 'Sleeve Types', 'us');
INSERT INTO trends (id, trend_id, vertical_id, name, description, image_hash) VALUES (327, '082e9d7195bba3d17dd084e710a3f198', 84, 'Basic Sleeve Dresses', '', 'da68cae0fd4c5c4e355c6e068765320c');
INSERT INTO trends (id, trend_id, vertical_id, name, description, image_hash) VALUES (328, '49ca1581c7cb6a65bffccfc5df724f5f', 84, 'Bishop Sleeve Dresses', '', '6f288552dbe019f143206e23d69b04f4');
INSERT INTO trends (id, trend_id, vertical_id, name, description, image_hash) VALUES (329, '3e715020fe9f171f873e77aec00b4b7a', 84, 'Puff Sleeve Dresses', '', '61d330cd35303a54202247bc9b6e80dc');
INSERT INTO trends (id, trend_id, vertical_id, name, description, image_hash) VALUES (330, '8be74758a52d2de0b0062b640a643941', 84, 'Gathered Sleeve Dresses', '', '7f298c8068986cc3c56f7770deb73566');
INSERT INTO trends (id, trend_id, vertical_id, name, description, image_hash) VALUES (331, '874c51396d602ae9aa68e45ed56d9eb3', 84, 'Sleeveless Dresses', '', 'f982a02836ef4a161023d022e3a3a74b');
INSERT INTO trends (id, trend_id, vertical_id, name, description, image_hash) VALUES (332, '78f48b5c6a2103bdd21d057e9d5c6dc5', 84, 'Wide-Sleeve Dresses', '', '797faf2258243603db8bb5adddb3b4cc');
INSERT INTO trends (id, trend_id, vertical_id, name, description, image_hash) VALUES (333, '4141b8ccd0e962f004b3bd67bbbdaaf2', 84, 'Flare Sleeve Dresses', '', '042e1cb51f51fdce0dd46a9940218e4f');
INSERT INTO verticals (id, vertical_id, name, geo_zone) VALUES (85, 'dress:female:collars', 'Collars', 'us');
INSERT INTO trends (id, trend_id, vertical_id, name, description, image_hash) VALUES (334, '5a0657449459873ab8171e423975e041', 85, 'Lavalliere-Collar Dresses', '', 'e9b90901d525b3b2369d1e7788428c96');
INSERT INTO trends (id, trend_id, vertical_id, name, description, image_hash) VALUES (335, '11be5050fab0bf22f11e1bc35ed06245', 85, 'Ruffled Collar Dresses', '', '5c0e7269d21a7d72fc57991406b03f72');
INSERT INTO trends (id, trend_id, vertical_id, name, description, image_hash) VALUES (336, 'eaa8de9bd9a390885a07e486403944d2', 85, 'Mandarin-Collar Dresses', '', '2bac6ae5866f306d8b1cb73c879399d3');
INSERT INTO trends (id, trend_id, vertical_id, name, description, image_hash) VALUES (337, 'e94b49fef4b752e73af067df29fba959', 85, 'No Collar Dresses', '', '1c0b99d702e9ce76b54073a130458f87');
INSERT INTO trends (id, trend_id, vertical_id, name, description, image_hash) VALUES (338, '5f6901e46b1505e559dd816e6cc748f8', 85, 'Notched Collar Dresses', '', 'a03eda53f04ded2b3744dd43e63621e2');
INSERT INTO trends (id, trend_id, vertical_id, name, description, image_hash) VALUES (339, '6416047f8a0458d6109a5b4e06e7f66d', 85, 'Shirt-Collar Dresses', '', '1af2366bb0a656968696e08d46f42b6b');
INSERT INTO verticals (id, vertical_id, name, geo_zone) VALUES (86, 'dress:female:necklines', 'Necklines', 'us');
INSERT INTO trends (id, trend_id, vertical_id, name, description, image_hash) VALUES (340, '35d2a9b006c916e2b18bd1030005e2db', 86, 'Square-Neck Dresses', '', 'f57828ed5eb58e8ea91fec9d8bdaf969');
INSERT INTO trends (id, trend_id, vertical_id, name, description, image_hash) VALUES (341, '37b75913d698e23b34f7f630c9b7af7f', 86, 'V-Neck Dresses', '', 'af1d80edd7541f5d6a1ee8a31c006478');
INSERT INTO trends (id, trend_id, vertical_id, name, description, image_hash) VALUES (342, 'bbc44ce94fd64df87ed0d3d69ec1054c', 86, 'Tube Dresses', '', 'df28ac4a1f4d75e0d7787cc8d015879a');
INSERT INTO trends (id, trend_id, vertical_id, name, description, image_hash) VALUES (343, 'cebd691dc4393406eb09c11632082bf4', 86, 'Sweetheart Dresses', '', '7dd4cf99bda52f913d1715521933ddc2');
INSERT INTO trends (id, trend_id, vertical_id, name, description, image_hash) VALUES (344, '5db6e97bee42b8b9299d891575080466', 86, 'Round-Neck Dresses', '', '1676822287da4a0385ea95f58c9fa3e2');
INSERT INTO trends (id, trend_id, vertical_id, name, description, image_hash) VALUES (345, 'a07b1799ca16f5b0ebc1439a99b2dca6', 86, 'Mock Neck Dresses', '', 'c1a5b2fd052ddbd1e30efbe3601478a0');
INSERT INTO trends (id, trend_id, vertical_id, name, description, image_hash) VALUES (346, '1e771f0cbf824b6c7f77bcfb962505b7', 86, 'Deep V-Neck Dresses', '', 'c65337f9cda4eb1871bcf462938e068a');
INSERT INTO trends (id, trend_id, vertical_id, name, description, image_hash) VALUES (347, 'f98e68f8041821e9754a8fda10dbf693', 86, 'Cowl Neck Dresses', '', 'a77aa20413d936f5265f5ca0d7908ed2');
INSERT INTO trends (id, trend_id, vertical_id, name, description, image_hash) VALUES (348, 'a34df1ce99925bc90eedd27e186483ea', 86, 'No Neckline Dresses', '', 'c00bfeeff243d616c721c334eed30e4d');
INSERT INTO trends (id, trend_id, vertical_id, name, description, image_hash) VALUES (349, '723bd72547f666830cd9dd5a06bbf404', 86, 'Asymmetric Neck Dresses', '', '81cf5b96098f06a8c59c2770237beada');
INSERT INTO trends (id, trend_id, vertical_id, name, description, image_hash) VALUES (350, 'c4041dbe837d9ffe01eda8e24c8a8f72', 86, 'Scoop Neck Dresses', '', 'f3239032f04e678e380299dc161a94c0');
INSERT INTO trends (id, trend_id, vertical_id, name, description, image_hash) VALUES (351, 'a0068ccbfc9210ea544dd65bb00fa68e', 86, 'Off-Shoulder Dresses', '', '0358204a454536062eec8c1af22049b4');
INSERT INTO trends (id, trend_id, vertical_id, name, description, image_hash) VALUES (352, 'ccd3bbd9e81d3c66cb047a9d35b5452e', 86, 'Straight-Neck Dresses', '', '4566d9ae01ba27c28d37c1dd8a847a57');
INSERT INTO trends (id, trend_id, vertical_id, name, description, image_hash) VALUES (353, '0037641d01cde59e819156691448220e', 86, 'Halter-Neck Dresses', '', 'b430ca1f491158cac0a46459279e245c');
INSERT INTO verticals (id, vertical_id, name, geo_zone) VALUES (87, 'dress:female:styles', 'Styles', 'us');
INSERT INTO trends (id, trend_id, vertical_id, name, description, image_hash) VALUES (354, '9183ae9d5f67a73aa0e603b8ce5ea75e', 87, 'Blousy Dresses', '', '3df5b0dc26e0fc00f08bcb443e0f8aa7');
INSERT INTO trends (id, trend_id, vertical_id, name, description, image_hash) VALUES (355, '9f6e20d728d8fd14f3c4327cb3c76871', 87, 'Coat Dresses', '', 'cee21bda8486a023b50c53dca09ca8a4');
INSERT INTO trends (id, trend_id, vertical_id, name, description, image_hash) VALUES (356, '59218e6724ca891a960f07ee01320583', 87, 'Camisole Dresses', '', '2267f3faaa86918e094997de2b2ecd52');
INSERT INTO trends (id, trend_id, vertical_id, name, description, image_hash) VALUES (357, '02f6d7d07adc90dc19d06773c395baf6', 87, 'Overall Dresses', '', '6d9650e2990c97b22cc5e8ec6d557eef');
INSERT INTO trends (id, trend_id, vertical_id, name, description, image_hash) VALUES (358, '2d92d2959a7027b0ef1e277f4bf1d04c', 87, 'Fishtail Dresses', '', 'ea0f1cd667b6979a40199b97f4dbec6b');
INSERT INTO trends (id, trend_id, vertical_id, name, description, image_hash) VALUES (359, 'c4fdf74db61953a99f4317a3043d199f', 87, 'Shirt Dresses', '', '2c67f51847ad297191b75ae00fb5f515');
INSERT INTO trends (id, trend_id, vertical_id, name, description, image_hash) VALUES (360, '98abc0daf06653ab76c636c53d4d9340', 87, 'Ball-Gown Dresses', '', '5a2a9fb6df579fa891cd64c2668ac785');
INSERT INTO trends (id, trend_id, vertical_id, name, description, image_hash) VALUES (361, 'a53998e3bc00d995509b6db3023303b5', 87, 'Babydoll Dresses', '', 'c3a6b9ad038415be713136ace3e7c01e');
INSERT INTO verticals (id, vertical_id, name, geo_zone) VALUES (88, 'prints:female:plain', 'Plain', 'us');
INSERT INTO trends (id, trend_id, vertical_id, name, description, image_hash) VALUES (362, '6526900ad1f7c239c4f95a08f4c0f1b0', 88, 'Plain', '', 'cf4c6df720d60053d45d48f6e61c260c');
INSERT INTO trends (id, trend_id, vertical_id, name, description, image_hash) VALUES (363, 'b00ce808c2868ea2c7ad09ff461a8cf1', 88, 'Marled', '', '928f33dea2bdf2d0169a2edafe149b80');
INSERT INTO verticals (id, vertical_id, name, geo_zone) VALUES (89, 'prints:female:geometric', 'Geometric', 'us');
INSERT INTO trends (id, trend_id, vertical_id, name, description, image_hash) VALUES (364, '2a428263e28a0197dccbd6ac369b9dd3', 89, 'Striped', '', '00af970bd2bd06d3352928893b0ddc15');
INSERT INTO trends (id, trend_id, vertical_id, name, description, image_hash) VALUES (365, 'bf5cca2b9f7716c834b55f68fe160cd8', 89, 'Checked', '<ul><li>Checked print is formed by intersecting horizontal and vertical lines that create repeated squares or rectangles.</li><li>This is a <strong>parent</strong> category that encompasses the prints <strong>Gingham, Plaid, Prince of Wales, Windowpane, Checkerboard, Lumberjack, and Argyle</strong>.</li><li>It can be used on any garment, in any fabric, and any color, making it one of the most versatile design motifs in fashion.</li><li>To be considered a checked print, a pattern must feature a <strong>grid-based structure</strong>. Designs that dont follow this format are not classified as checks.</li></ul>', 'b86df507765f8e3b62447ed70a4036f8');
INSERT INTO trend_images (trend_id, image_type, md5_hash, description) VALUES (365, 'positive', 'de205a00584ab276f06b110e675efa1f', 'Gingham');
INSERT INTO trend_images (trend_id, image_type, md5_hash, description) VALUES (365, 'positive', '56934c2d349646e21fbe34c074af63a2', 'Argyle');
INSERT INTO trend_images (trend_id, image_type, md5_hash, description) VALUES (365, 'positive', '8cbb0ef7f8402fe5151cea5a4500250a', 'Prince of Wales');
INSERT INTO trend_images (trend_id, image_type, md5_hash, description) VALUES (365, 'positive', '71c07a45b8b81c6dff3bae0f55dcf175', 'Plaid');
INSERT INTO trend_images (trend_id, image_type, md5_hash, description) VALUES (365, 'negative', 'd94fc12a8d4a7088af647d1407104c09', 'Herringbone is not a checked print');
INSERT INTO trend_images (trend_id, image_type, md5_hash, description) VALUES (365, 'negative', '96d3d9fb049d7a84b4c6606cb9e2462e', 'This print is Pinstripes');
INSERT INTO trend_images (trend_id, image_type, md5_hash, description) VALUES (365, 'negative', '15457bde82835391b30318ef7aa3f20e', 'Houndstooth is not considered a checked print');
INSERT INTO trend_images (trend_id, image_type, md5_hash, description) VALUES (365, 'negative', 'a839f35bec5176b03c2aa14fcd10e454', 'This is Zig Zag, not a check print');
INSERT INTO trends (id, trend_id, vertical_id, name, description, image_hash) VALUES (366, '3e6c544498ca6f32db15880dc8166529', 89, 'Dotted', '', 'f847065397214bcb53699ebee4fad818');
INSERT INTO trends (id, trend_id, vertical_id, name, description, image_hash) VALUES (367, '949e17933360592b7162e7f24f2c9123', 89, 'Zigzag', '', '243afd2c821541c48dcf375d97ccce71');
INSERT INTO verticals (id, vertical_id, name, geo_zone) VALUES (90, 'prints:female:organic', 'Organic', 'us');
INSERT INTO trends (id, trend_id, vertical_id, name, description, image_hash) VALUES (368, '33cb10e580088eab4d1ceedf7238bd1a', 90, 'Floral Print', '', '47af21d1fa3f0fd36a659298e4d20858');
INSERT INTO trends (id, trend_id, vertical_id, name, description, image_hash) VALUES (369, 'a9a3269d77e8b84b4202a323d201e689', 90, 'Nature Prints', '', 'd13414fe9724ce6e3699bf6b41c30038');
INSERT INTO trends (id, trend_id, vertical_id, name, description, image_hash) VALUES (370, '089fe3ed45de4bde4c78bb880efafa7d', 90, 'Animal Prints', '', 'f89c1824bb4e3c55676bc70c21696bfc');
INSERT INTO verticals (id, vertical_id, name, geo_zone) VALUES (91, 'prints:female:graphic', 'Graphic', 'us');
INSERT INTO trends (id, trend_id, vertical_id, name, description, image_hash) VALUES (371, '4be1ce6b173aae11a40eb12c937df4bf', 91, 'Graphic Prints', '', '178f3d416452664b6463607272b342c1');
INSERT INTO trends (id, trend_id, vertical_id, name, description, image_hash) VALUES (372, 'f25965b8a1a4e9e8217d98bededcc563', 91, 'Printed', '', 'feafb0ff3426bd5679fe35fa0c2bb41e');
INSERT INTO trends (id, trend_id, vertical_id, name, description, image_hash) VALUES (373, '294afcc6c2a2e6b636b345aafc07d540', 91, 'Fonts', '', '10fc9e0c8897e03b18cb2a513957d534');
INSERT INTO trends (id, trend_id, vertical_id, name, description, image_hash) VALUES (374, '41562f86c37999d4a61eb7ec7f869ea8', 91, 'Logo', '', '392b93a3b379d9d753a87d3240aedcdb');
INSERT INTO verticals (id, vertical_id, name, geo_zone) VALUES (92, 'prints:female:heritage', 'Heritage', 'us');
INSERT INTO trends (id, trend_id, vertical_id, name, description, image_hash) VALUES (375, '5fccd75beeef78bfa5a67ca46894e847', 92, 'Paisley & Bandana', '', '8c24ef15c2993438ed1729da1f6e326f');
INSERT INTO trends (id, trend_id, vertical_id, name, description, image_hash) VALUES (376, '32e0c0b91a7ef2f4a071293cc6fe4428', 92, 'Scarf Print', '', '888ef21a95bcc7f8dc4698d8619d1a0c');
INSERT INTO trends (id, trend_id, vertical_id, name, description, image_hash) VALUES (377, 'c802a4ff4b4b963c640d641bced0a181', 92, 'Cultural Prints', '', '47476dd99f55d1c283662d4d5a9a2608');
INSERT INTO verticals (id, vertical_id, name, geo_zone) VALUES (93, 'prints:female:thematic', 'Thematic', 'us');
INSERT INTO trends (id, trend_id, vertical_id, name, description, image_hash) VALUES (378, '74640d27a4545ca4c8e68fbb9b519a40', 93, 'Camouflage', '', 'a0bdd1d381df5cf1425a1fbb1d192093');
INSERT INTO trends (id, trend_id, vertical_id, name, description, image_hash) VALUES (379, '52995dee938338663e7fac7a97da4d9e', 93, 'Psychedelic', '', '124fa98c6449b3d18e0372e8c71b52b3');
INSERT INTO verticals (id, vertical_id, name, geo_zone) VALUES (94, 'fabrics:female:casual_everyday', 'Casual & Everyday', 'us');
INSERT INTO trends (id, trend_id, vertical_id, name, description, image_hash) VALUES (380, '35192511bc91c926120757c77dd39b34', 94, 'Jersey', '', '030016ab9d2f4be959601d857d49b1d3');
INSERT INTO trends (id, trend_id, vertical_id, name, description, image_hash) VALUES (381, 'be268ea0b51756bbbc80082a9edaab11', 94, 'Denim', '', '17b139708409f1c3f1fc1085b9d8bb3a');
INSERT INTO trends (id, trend_id, vertical_id, name, description, image_hash) VALUES (382, '6f4ff82f4631c3550fb7485f11ee7c15', 94, 'Poplin', '', 'c7b224a159d6984731328f3824bda878');
INSERT INTO trends (id, trend_id, vertical_id, name, description, image_hash) VALUES (383, '1e7d04ac59a404e7f8d006987c2e8867', 94, 'Cotton Twill', '', 'b00f371cf9e27f0c7fa3c59efa317306');
INSERT INTO trends (id, trend_id, vertical_id, name, description, image_hash) VALUES (384, 'c7ef2cc0d6e76aaf21732ecfe65aba47', 94, 'Linen', '', 'cb246871da57630b5a5f9a832739e202');
INSERT INTO trends (id, trend_id, vertical_id, name, description, image_hash) VALUES (385, '48e5b77c5ae58f3ad80de877f381eee9', 94, 'Fleece', '', '9e19191ce16dc118e74f5bab0a027b27');
INSERT INTO trends (id, trend_id, vertical_id, name, description, image_hash) VALUES (386, '68af97c939a7dc6145bc32a92a636909', 94, 'Knitted', '', '35107815769e2deeaeff4ea2d9a58b4f');
INSERT INTO verticals (id, vertical_id, name, geo_zone) VALUES (95, 'fabrics:female:performance_sportswear', 'Performance & Sportswear', 'us');
INSERT INTO trends (id, trend_id, vertical_id, name, description, image_hash) VALUES (387, '34efdf10707c151f321688ebc6d478af', 95, 'Lycra', '', '15acfaa7cee8ab9d7c1207357fb00a58');
INSERT INTO trends (id, trend_id, vertical_id, name, description, image_hash) VALUES (388, 'c058c80c0c0f415feeb9ef4431edb1e2', 95, 'Shell Fabrics', '', '69588a8aba01d901ee6dc191520c297b');
INSERT INTO trends (id, trend_id, vertical_id, name, description, image_hash) VALUES (389, '90ad7b1855dd03e10e3090766e06b78a', 95, 'Rainproof', '', 'f6e1a1fe90f00255585a3c3fb58d66c6');
INSERT INTO verticals (id, vertical_id, name, geo_zone) VALUES (96, 'fabrics:female:nightlife_formalwear', 'Nightlife & Formalwear', 'us');
INSERT INTO trends (id, trend_id, vertical_id, name, description, image_hash) VALUES (390, '76675a1af6bbdae427cc40944ce5ed29', 96, 'Satin', '', '5f9becd12bbc0f803c7a8e7e282c74b7');
INSERT INTO trends (id, trend_id, vertical_id, name, description, image_hash) VALUES (391, '43ec7238cd6189974c74c79e9d37167d', 96, 'Velvet', '', '1cf62e9d8400beb556544423356b9e50');
INSERT INTO trends (id, trend_id, vertical_id, name, description, image_hash) VALUES (392, '3452fca55ba0db197c565e0089e13ebe', 96, 'Sequin', '', '6cd95141974a8f231135e7aeedbbe976');
INSERT INTO trends (id, trend_id, vertical_id, name, description, image_hash) VALUES (393, '857bf695c867d6b208ce87c22106c580', 96, 'Lace', '', '049a493426645ffb89a28d412e6df0f6');
INSERT INTO trends (id, trend_id, vertical_id, name, description, image_hash) VALUES (394, 'f3f88fd59696b69c766da198780cd16c', 96, 'Lurex', '', 'f256ddf1ebbce00da30a7f68ae7b82ab');
INSERT INTO trends (id, trend_id, vertical_id, name, description, image_hash) VALUES (395, 'e1243dc32c2b686b19daa38ecd5b9fea', 96, 'Feathers', '', 'f155d3aacedada84ec0ee21b169fec4a');
INSERT INTO verticals (id, vertical_id, name, geo_zone) VALUES (97, 'fabrics:female:outerwear_protective_fabrics', 'Outerwear & Protective Fabrics', 'us');
INSERT INTO trends (id, trend_id, vertical_id, name, description, image_hash) VALUES (396, 'fd7b30dc698a69f4b14a417b620a7ad7', 97, 'Leather', '', '83020b95ed8a772ec325718df7192cbd');
INSERT INTO trends (id, trend_id, vertical_id, name, description, image_hash) VALUES (397, '169ec059f051d40212824d15ce12a71b', 97, 'Vinyl', '', '4d8f7bbe4a1e1b3d82f0022043c51eb6');
INSERT INTO trends (id, trend_id, vertical_id, name, description, image_hash) VALUES (398, '71c2a21e15d061908e2d78ad4aaaf2a1', 97, 'Woolen', '', '03ba6b6154b8de0dfede75cf617886a9');
INSERT INTO trends (id, trend_id, vertical_id, name, description, image_hash) VALUES (399, 'f3863c50ac78163ed336de78f61fae50', 97, 'Fur', '', 'd34b8ddaccbeac593dd4775751f09201');
INSERT INTO verticals (id, vertical_id, name, geo_zone) VALUES (98, 'fabrics:female:delicate_transparent_fabrics', 'Delicate & Transparent Fabrics', 'us');
INSERT INTO trends (id, trend_id, vertical_id, name, description, image_hash) VALUES (400, 'b49dc3800e939f8a34d7ad9d967987c0', 98, 'Taffeta', '', '1578e54e23a97a56303474c73b21357a');
INSERT INTO trends (id, trend_id, vertical_id, name, description, image_hash) VALUES (401, '0882dc30456d705c29703eda3d903fc6', 98, 'See Through', '', '6ebb9abcdb48de6560c223d8fe4c6ce1');
INSERT INTO verticals (id, vertical_id, name, geo_zone) VALUES (99, 'colors:female:neutral_tones', 'Neutral Tones', 'us');
INSERT INTO trends (id, trend_id, vertical_id, name, description, image_hash) VALUES (402, 'f60127c0d198f71762a13e45e31e5d1e', 99, 'Brown', '', '');
INSERT INTO trends (id, trend_id, vertical_id, name, description, image_hash) VALUES (403, '1364c4bc27f172750adfa7c16f244743', 99, 'White', '', '');
INSERT INTO trends (id, trend_id, vertical_id, name, description, image_hash) VALUES (404, 'e91f67537abcda69f5f6b8c426b1ed01', 99, 'Beige', '', '');
INSERT INTO trends (id, trend_id, vertical_id, name, description, image_hash) VALUES (405, '98311018be5645fc17102b9021c0a365', 99, 'Khaki', '', '');
INSERT INTO trends (id, trend_id, vertical_id, name, description, image_hash) VALUES (406, 'd71c5fc9b040448e1ef2a436f0f90f4d', 99, 'Black', '', '');
INSERT INTO trends (id, trend_id, vertical_id, name, description, image_hash) VALUES (407, '6f48e38e92a641b9265b6174adfcaa15', 99, 'Gray', '', '');
INSERT INTO verticals (id, vertical_id, name, geo_zone) VALUES (100, 'colors:female:warm_tones', 'Warm Tones', 'us');
INSERT INTO trends (id, trend_id, vertical_id, name, description, image_hash) VALUES (408, 'a03da8596d183f791eb1e2fca576f881', 100, 'Pink', '', '');
INSERT INTO trends (id, trend_id, vertical_id, name, description, image_hash) VALUES (409, '17dbb9df4b164b7a2a307c25e5591f0d', 100, 'Yellow Orange', '', '');
INSERT INTO trends (id, trend_id, vertical_id, name, description, image_hash) VALUES (410, '49d6804a3ec3e53822dd96730ac1622b', 100, 'Purple Pink', '', '');
INSERT INTO trends (id, trend_id, vertical_id, name, description, image_hash) VALUES (411, '33b6c0c132a096d9ef5334bc53a75c75', 100, 'Red', '', '');
INSERT INTO trends (id, trend_id, vertical_id, name, description, image_hash) VALUES (412, '2aa2cb518fd77e71d2f6119aec8ffeb4', 100, 'Orange Red', '', '');
INSERT INTO trends (id, trend_id, vertical_id, name, description, image_hash) VALUES (413, 'a8f74f0db2826009fce0d33f888496f2', 100, 'Yellow', '', '');
INSERT INTO trends (id, trend_id, vertical_id, name, description, image_hash) VALUES (414, '74a0177990a81dc523758605670a2f57', 100, 'Orange', '', '');
INSERT INTO verticals (id, vertical_id, name, geo_zone) VALUES (101, 'colors:female:cool_tones', 'Cool Tones', 'us');
INSERT INTO trends (id, trend_id, vertical_id, name, description, image_hash) VALUES (415, 'c2beeb9cb5cb2ea3038249c952acf604', 101, 'Blue Green', '', '');
INSERT INTO trends (id, trend_id, vertical_id, name, description, image_hash) VALUES (416, '343987ade06a4b9de9be3769b0f137be', 101, 'Purple', '', '');
INSERT INTO trends (id, trend_id, vertical_id, name, description, image_hash) VALUES (417, '89766f43868205f01cce53ee7a998924', 101, 'Yellow Green', '', '');
INSERT INTO trends (id, trend_id, vertical_id, name, description, image_hash) VALUES (418, '76262f83c62dcd6ebea9efc6b0bf1f40', 101, 'Purple Red', '', '');
INSERT INTO trends (id, trend_id, vertical_id, name, description, image_hash) VALUES (419, '1992d24b3f9b7ea6c020f1c1e7cbb4ab', 101, 'Green', '', '');
INSERT INTO trends (id, trend_id, vertical_id, name, description, image_hash) VALUES (420, '9bd44a6836251ad642830ef11b7bbb3c', 101, 'Blue', '', '');
INSERT INTO trends (id, trend_id, vertical_id, name, description, image_hash) VALUES (421, '6b4075b752d8b73c594dd1478ba5e7d5', 101, 'Purple Blue', '', '');
INSERT INTO verticals (id, vertical_id, name, geo_zone) VALUES (102, 'colors:female:metallic', 'Metallic', 'us');
INSERT INTO trends (id, trend_id, vertical_id, name, description, image_hash) VALUES (422, '3ef013d8b90ca4507d016eeafdad453a', 102, 'Gold', '', '');
INSERT INTO trends (id, trend_id, vertical_id, name, description, image_hash) VALUES (423, 'c72c376c16f4bedb5f18b53d354f4058', 102, 'Silver', '', '');
INSERT INTO verticals (id, vertical_id, name, geo_zone) VALUES (103, 'colors:female:pastel', 'Pastel', 'us');
INSERT INTO trends (id, trend_id, vertical_id, name, description, image_hash) VALUES (424, '8dec7c7efb2020526d9046a8326c834e', 103, 'Lavender', '', '');
INSERT INTO trends (id, trend_id, vertical_id, name, description, image_hash) VALUES (425, '828661017fc0b6313de07658ba7206fd', 103, 'Pale Salmon', '', '');
INSERT INTO trends (id, trend_id, vertical_id, name, description, image_hash) VALUES (426, '082821b3a5e189bfeb9981edf5f9c85b', 103, 'Mint Green', '', '');
INSERT INTO trends (id, trend_id, vertical_id, name, description, image_hash) VALUES (427, '5da286bfda42b6034f4a4052b618a9ca', 103, 'Baby Blue', '', '');
INSERT INTO trends (id, trend_id, vertical_id, name, description, image_hash) VALUES (428, 'ffbf2d0564af25da35fa13e2b2d15db8', 103, 'Blush Pink', '', '');
INSERT INTO trends (id, trend_id, vertical_id, name, description, image_hash) VALUES (429, 'c930aada843a9456e6eea910ff359e2c', 103, 'Vanilla Yellow', '', '');
INSERT INTO verticals (id, vertical_id, name, geo_zone) VALUES (104, 'colors:female:light_pastel', 'Light Pastel', 'us');
INSERT INTO trends (id, trend_id, vertical_id, name, description, image_hash) VALUES (430, '8297d27e3c7bee90da5f1183d10e68a7', 104, 'Cream', '', '');
INSERT INTO trends (id, trend_id, vertical_id, name, description, image_hash) VALUES (431, '2d37be28851fa4ee40079269cd244b11', 104, 'Cotton Candy', '', '');
INSERT INTO trends (id, trend_id, vertical_id, name, description, image_hash) VALUES (432, '612243b7a5262db63d9bb6935f3e7f5b', 104, 'Pastel Blue', '', '');
INSERT INTO trends (id, trend_id, vertical_id, name, description, image_hash) VALUES (433, '1485a228ae5b98b4629c2df4b685cf92', 104, 'Popcorn Yellow', '', '');
INSERT INTO trends (id, trend_id, vertical_id, name, description, image_hash) VALUES (434, '493c8fe63e11d6bb37b87964b4300c66', 104, 'Pastel Green', '', '');
INSERT INTO trends (id, trend_id, vertical_id, name, description, image_hash) VALUES (435, '3316daa7118bbf291896a1b5610d3bed', 104, 'Yellow Chalk', '', '');
INSERT INTO trends (id, trend_id, vertical_id, name, description, image_hash) VALUES (436, '76a5e82c27240f82af27cf27f0999d25', 104, 'Powder Pink', '', '');
INSERT INTO verticals (id, vertical_id, name, geo_zone) VALUES (105, 'colors:female:fluo', 'Fluo', 'us');
INSERT INTO trends (id, trend_id, vertical_id, name, description, image_hash) VALUES (437, '602a1d75c9f90a97b9c6a27f25e5f33b', 105, 'Fuchsia', '', '');
INSERT INTO trends (id, trend_id, vertical_id, name, description, image_hash) VALUES (438, '787a59eeb6e88dc5abe7dd20d4aaea44', 105, 'Chartreuse', '', '');
INSERT INTO trends (id, trend_id, vertical_id, name, description, image_hash) VALUES (439, '966a3d1b3f6e0fd1a59a3ef6a5b2e2a4', 105, 'Fluo Blue', '', '');
INSERT INTO trends (id, trend_id, vertical_id, name, description, image_hash) VALUES (440, '13f0f354a8136bb24f2c83ef9e87abb3', 105, 'Lime Green', '', '');